frame,threshold,blink,ear_norm
0,0,0.0,0.5969632559542368
1,0,0.0,0.5668331856881702
2,0,0.0,0.6709830110293861
3,0,0.0,0.6708498420900634
4,0,0.0,0.6071014597286487
5,1,0.0,0.7276838576896315
6,0,0.0,0.6288682547546758
7,0,0.0,0.6079423347636506
8,0,0.0,0.5067661087544603
9,0,0.0,0.6241269172440339
10,0,0.0,0.5644114768053423
11,0,0.0,0.48585611584653154
12,0,0.0,0.6394398987737544
13,0,0.0,0.6834895301181818
14,0,0.0,0.6289522657500193
15,0,0.0,0.6514431500282127
16,0,0.0,0.6607803856951615
17,0,0.0,0.6477802693858254
18,0,0.0,0.6498410971769647
19,0,0.0,0.6361303955377643
20,0,0.0,0.6253613930142834
21,0,0.0,0.6083150749010733
22,0,0.0,0.6704543430399611
23,0,0.0,0.7053199336605653
24,0,0.0,0.6487569390104949
25,0,0.0,0.6486926498451252
26,0,0.0,0.5959855547131643
27,0,0.0,0.6325065586910403
28,0,0.0,0.5194486409490701
29,0,0.0,0.4694711095213485
30,0,0.0,0.5168211958208733
31,0,0.0,0.47616875380381624
32,0,0.0,0.5184648316009571
33,0,0.0,0.45191009617145383
34,0,0.0,0.4964231641014095
35,0,0.0,0.5425093518626447
36,0,0.0,0.5839176127812622
37,0,0.0,0.6061493669826424
38,0,0.0,0.5530677431260537
39,0,0.0,0.28690389517330855
40,0,0.0,0.5063258527788734
41,0,0.0,0.6625803979101083
42,0,1.0,0.6600468322947756
43,0,0.0,0.6459860448723235
44,0,0.0,0.6760236890903705
45,1,0.0,0.7670902094312142
46,0,0.0,0.6659180425118942
47,0,0.0,0.7206145361974889
48,0,0.0,0.7258951361007716
49,0,0.0,0.6996614396333751
50,0,0.0,0.7147253064253206
51,0,0.0,0.4308171174431047
52,0,0.0,0.19957748856958285
53,0,0.0,0.6277952268899649
54,0,1.0,0.6894545500899134
55,0,0.0,0.6983511166697312
56,0,0.0,0.6977427965249751
57,1,0.0,0.731790035554666
58,0,0.0,0.7220002546688051
59,0,0.0,0.6929262684823491
60,0,0.0,0.7236366533933011
61,0,0.0,0.7144461290173298
62,0,0.0,0.6812422988891362
63,0,0.0,0.6673709581187183
64,0,0.0,0.6583643401258917
65,0,0.0,0.6244171204361557
66,1,0.0,0.7325041831674396
67,0,0.0,0.731656081934526
68,0,0.0,0.7334546469450244
69,0,0.0,0.7111146577510687
70,0,0.0,0.7278224989948748
71,0,0.0,0.7457943941253891
72,0,0.0,0.7580511038708527
73,0,0.0,0.7528252043875245
74,0,0.0,0.81234217162209
75,0,0.0,0.8118934925106424
76,0,0.0,0.8320737282280096
77,0,0.0,0.1842924153805783
78,0,0.0,0.4298426359119239
79,1,0.0,0.7663432686738657
80,0,1.0,0.7605025500250889
81,0,0.0,0.7939772789162027
82,0,0.0,0.8303807360539082
83,0,0.0,0.8237333488728614
84,0,0.0,0.7305075334226985
85,0,0.0,0.9165001459278692
86,0,0.0,0.7869252822865939
87,0,0.0,0.7551820541946335
88,0,0.0,0.7107218300754269
89,0,0.0,0.6560945530245987
90,0,0.0,0.25402185235033553
91,0,0.0,0.34386885623081215
92,0,0.0,0.5975118221230244
93,0,1.0,0.6712351446214289
94,0,0.0,0.6575994665675611
95,0,0.0,0.6966335742376536
96,0,0.0,0.7088626482055199
97,0,0.0,0.7177779996562461
98,1,0.0,0.7658932170384337
99,0,0.0,0.7401700478635903
100,0,0.0,0.7062753427858127
101,0,0.0,0.7393441055684575
102,0,0.0,0.7109217252902716
103,0,0.0,0.6761531775898391
104,0,0.0,0.7233160585023685
105,0,0.0,0.6981456965953257
106,0,0.0,0.6355639503822688
107,0,0.0,0.6458608622278175
108,1,0.0,0.7876261340587778
109,0,0.0,0.7236553436956816
110,0,0.0,0.6643409247999861
111,0,0.0,0.6459771268473848
112,0,0.0,0.6548722574630005
113,0,0.0,0.7135319890701332
114,0,0.0,0.6592783106466827
115,0,0.0,0.6050907142898864
116,0,0.0,0.6804345227529686
117,0,0.0,0.6253040087762225
118,0,0.0,0.5930959380226568
119,0,0.0,0.659281799470736
120,0,0.0,0.7227651282271361
121,0,0.0,0.6795518093855732
122,0,0.0,0.6578591180642598
123,0,0.0,0.6922847465823443
124,0,0.0,0.6275144465053099
125,0,0.0,0.6608184339629779
126,0,0.0,0.6267336449238418
127,0,0.0,0.6039773072757587
128,0,0.0,0.6058729974933517
129,0,0.0,0.6604895007346696
130,0,0.0,0.6456071490738733
131,0,0.0,0.6244171204361557
132,0,0.0,0.6030417792141599
133,0,0.0,0.625833061279669
134,0,0.0,0.6253570993757248
135,0,0.0,0.6163890005961327
136,0,0.0,0.5594326495196232
137,0,0.0,0.682837160489208
138,0,0.0,0.6282940666103037
139,0,0.0,0.6068027860314695
140,0,0.0,0.5824246348195024
141,0,0.0,0.6065346695140079
142,0,0.0,0.22825833499814868
143,0,0.0,0.2217530448778668
144,0,0.0,0.5307173920042954
145,0,1.0,0.519008219251461
146,0,0.0,0.5304546027345896
147,0,0.0,0.562526872345895
148,0,0.0,0.5952770876642344
149,0,0.0,0.6275144465053099
150,0,0.0,0.5617995612074275
151,0,0.0,0.5843331559242874
152,0,0.0,0.594996499793638
153,0,0.0,0.6384109792704958
154,0,0.0,0.5845736494837249
155,0,0.0,0.5839827029196157
156,0,0.0,0.5603360681723144
157,0,0.0,0.6066485999678185
158,0,0.0,0.6183931825243748
159,0,0.0,0.6380096742362593
160,0,0.0,0.5847042659716247
161,0,0.0,0.6395637631658259
162,0,0.0,0.5400498667110428
163,0,0.0,0.6283551391181302
164,0,0.0,0.6268573268937319
165,0,0.0,0.6387906452441331
166,0,0.0,0.5847141999098856
167,0,0.0,0.6409592682289116
168,0,0.0,0.6722184528044195
169,0,0.0,0.640422529159019
170,0,0.0,0.6739309251920156
171,0,0.0,0.6049131753197194
172,0,0.0,0.5612024111418615
173,0,0.0,0.5848233955324365
174,0,0.0,0.574067319136089
175,0,0.0,0.6151839951145233
176,0,0.0,0.6452830602925604
177,0,0.0,0.6383870077707062
178,0,0.0,0.6075900477697005
179,0,0.0,0.5930019027217649
180,0,0.0,0.6058729974933517
181,0,0.0,0.5514825815304637
182,0,0.0,0.6177385587304436
183,0,0.0,0.6494146750173065
184,0,0.0,0.6050323048805312
185,0,0.0,0.6494047410790457
186,0,0.0,0.6963111333645319
187,1,0.0,0.7278224989948748
188,0,0.0,0.5620922107723545
189,0,0.0,0.6393836859057198
190,0,0.0,0.6804084816446917
191,0,0.0,0.6803393584123572
192,0,0.0,0.33120866020295603
193,0,0.0,0.2229615939445158
194,0,0.0,0.48647385233975904
195,0,1.0,0.5405922437099163
196,0,0.0,0.6682104476417066
197,0,0.0,0.6461067746125623
198,0,0.0,0.648747803889649
199,0,0.0,0.676035355229401
200,1,0.0,0.7459241905629136
201,0,0.0,0.712340573396558
202,0,0.0,0.7017774567072524
203,0,0.0,0.7227360519190387
204,0,0.0,0.6487670423751613
205,1,0.0,0.7270584832442353
206,0,0.0,0.6689077072815698
207,0,0.0,0.6896586545540396
208,0,0.0,0.7102166459978271
209,0,0.0,0.6169555047149214
210,0,0.0,0.6714969149396519
211,0,0.0,0.6355952430767734
212,0,0.0,0.65914514170736
213,0,0.0,0.6496617744104398
214,0,0.0,0.6618097086345853
215,0,0.0,0.679242721237088
216,0,0.0,0.7020686465881737
217,0,0.0,0.6889445069412661
218,0,0.0,0.6496617744104398
219,0,0.0,0.7158180486340981
220,0,0.0,0.6941209851840314
221,0,0.0,0.6932021065234182
222,0,0.0,0.7133942395746121
223,0,0.0,0.6486374958006015
224,1,0.0,0.7361042834210844
225,0,0.0,0.7501471308544754
226,0,0.0,0.74163038607248
227,0,0.0,0.7251305526396715
228,0,0.0,0.7158227873475146
229,0,0.0,0.6503094070525852
230,0,0.0,0.6478468554011133
231,0,0.0,0.6466941363558143
232,0,0.0,0.6683200143489348
233,0,0.0,0.624600813094511
234,0,0.0,0.6591828062657075
235,0,0.0,0.4469483378722922
236,0,0.0,0.16693519851757604
237,0,0.0,0.5425430521080751
238,0,1.0,0.5952556372181202
239,1,0.0,0.7263774926021863
240,0,0.0,0.7880555715635402
241,0,0.0,0.7369727815143575
242,0,0.0,0.7094426935258061
243,0,0.0,0.7142562760447563
244,0,0.0,0.6600592816545565
245,0,0.0,0.6496018703833119
246,0,0.0,0.6495286054711171
247,0,0.0,0.6591782061274079
248,0,0.0,0.6479800243404363
249,0,0.0,0.6739309251920156
250,1,0.0,0.729364623280063
251,0,0.0,0.692610988488118
252,0,0.0,0.7143941836974957
253,0,0.0,0.6930735051445182
254,1,0.0,0.7417774633737774
255,0,0.0,0.6932801101490297
256,0,0.0,0.7505434734700008
257,0,0.0,0.24252156354532065
258,0,0.0,0.47574155963325704
259,0,0.0,0.624600813094511
260,0,1.0,0.7048800959145058
261,1,0.0,0.7881754367345314
262,0,0.0,0.8167461519739347
263,0,0.0,0.7811398105675728
264,0,0.0,0.752625343529012
265,0,0.0,0.7546686009973499
266,0,0.0,0.7818092743625314
267,0,0.0,0.7813241712322786
268,0,0.0,0.816746569649214
269,0,0.0,0.8162640794006607
270,0,0.0,0.7667825695607743
271,0,0.0,0.7691112986931575
272,0,0.0,0.7830298019963818
273,0,0.0,0.7318831750701533
274,0,0.0,0.7594845443276768
275,0,0.0,0.7329542833778536
276,0,0.0,0.7739165543993811
277,0,0.0,0.7100825437053395
278,0,0.0,0.6912056702449909
279,0,0.0,0.6995271886685405
280,0,0.0,0.6459273755927653
281,0,0.0,0.7160317019234175
282,1,0.0,0.7454862255221232
283,0,0.0,0.7018827296653014
284,0,0.0,0.7071514324498948
285,0,0.0,0.6793950858342295
286,0,0.0,0.7244015269516321
287,0,0.0,0.677954313548934
288,0,0.0,0.28750779194118353
289,0,0.0,0.5005075655420858
290,0,0.0,0.5611484929719935
291,0,1.0,0.6459396247817288
292,0,0.0,0.646930488932564
293,0,0.0,0.6379190668742301
294,0,0.0,0.6351344369443752
295,0,0.0,0.6835880936837907
296,0,0.0,0.7019027986174674
297,0,0.0,0.6896586545540396
298,0,0.0,0.710341828642333
299,0,0.0,0.6896586545540396
300,0,0.0,0.6806794806083292
301,0,0.0,0.6682691291376688
302,0,0.0,0.7228692208583616
303,0,0.0,0.7069182842436882
304,0,0.0,0.7245268688618469
305,1,0.0,0.7484781758235298
306,0,0.0,0.7026318243055069
307,0,0.0,0.7285838216985951
308,0,0.0,0.6714969149396519
309,0,0.0,0.757903696252905
310,0,0.0,0.702522579844835
311,0,0.0,0.6917701134531162
312,0,0.0,0.693198886529541
313,0,0.0,0.7109815195561577
314,0,0.0,0.7232641131825341
315,0,0.0,0.7151751547053695
316,0,0.0,0.7034127953133805
317,0,0.0,0.6933400141761576
318,0,0.0,0.6804177296359566
319,0,0.0,0.7013213864354743
320,0,0.0,0.7142515260621523
321,0,0.0,0.7156847102683696
322,0,0.0,0.7193407614361642
323,0,0.0,0.7014210139460283
324,0,0.0,0.7019027986174674
325,0,0.0,0.7010125831489216
326,0,0.0,0.6881794741172265
327,0,0.0,0.6583000334647237
328,0,0.0,0.6707159439317781
329,0,0.0,0.692559043168284
330,0,0.0,0.7026477624893412
331,0,0.0,0.68889362173
332,1,0.0,0.7447123200948674
333,0,0.0,0.6593991996526304
334,0,0.0,0.6712351446214289
335,0,0.0,0.6261448838112242
336,0,0.0,0.648880803402566
337,0,0.0,0.7022019849539021
338,0,0.0,0.648880803402566
339,1,0.0,0.7362078352079413
340,0,0.0,0.6679661568772595
341,0,0.0,0.6595984297183456
342,0,0.0,0.7011377657934276
343,1,0.0,0.7454640104136188
344,0,0.0,0.7093685447649133
345,0,0.0,0.6881794741172265
346,0,0.0,0.6812422988891362
347,0,0.0,0.7102077263498457
348,0,0.0,0.12288583415923617
349,0,0.0,0.41334637161624266
350,0,0.0,0.6377698004853644
351,0,1.0,0.6171655295547288
352,0,0.0,0.6800525785429382
353,0,0.0,0.6468718074366019
354,0,0.0,0.6886388019136779
355,0,0.0,0.6986991699332094
356,0,0.0,0.6779694270819737
357,0,0.0,0.7134541306059644
358,0,0.0,0.6762651246367576
359,0,0.0,0.6669451660979613
360,1,0.0,0.7739723017665585
361,0,0.0,0.7739723017665585
362,0,0.0,0.7524732096429595
363,0,0.0,0.7309419343217526
364,0,0.0,0.7309507052973865
365,0,0.0,0.7245268688618469
366,0,0.0,0.7620947408822296
367,0,0.0,0.7062900918985214
368,0,0.0,0.6675040963136292
369,0,0.0,0.6253658459185508
370,0,0.0,0.7109727591738854
371,0,0.0,0.6534094099293125
372,1,0.0,0.7530998237261876
373,0,0.0,0.7101334183232443
374,0,0.0,0.6745455171457871
375,0,0.0,0.6880542914727205
376,0,0.0,0.6549789911190225
377,0,0.0,0.6894623447515669
378,1,0.0,0.7390965588034015
379,0,0.0,0.6967935442044357
380,0,0.0,0.6966922435172118
381,0,0.0,0.6778556459097675
382,0,0.0,0.6541705896719057
383,0,0.0,0.6979798895525869
384,0,0.0,0.7094517724394961
385,0,0.0,0.6828492875115115
386,0,0.0,0.718426979105498
387,0,0.0,0.6664605060180595
388,1,0.0,0.7696106640147935
389,0,0.0,0.7017808178793743
390,0,0.0,0.7412640106761241
391,0,0.0,0.747605838359735
392,0,0.0,0.7522560283482369
393,0,0.0,0.7192006725965449
394,0,0.0,0.6681482401317211
395,0,0.0,0.6492071195164607
396,0,0.0,0.3242975511160294
397,0,0.0,0.6674963000289331
398,0,0.0,0.6460480931166
399,1,1.0,0.7354270336264732
400,0,0.0,0.7225351469855095
401,0,0.0,0.7516251084100459
402,0,0.0,0.7005736973939322
403,0,0.0,0.688049826352049
404,0,0.0,0.6803668444246904
405,0,0.0,0.6673699940211418
406,1,0.0,0.7352845341483477
407,0,0.0,0.7573127476440102
408,0,0.0,0.7018150513370233
409,0,0.0,0.2494216830572741
410,0,0.0,0.4131747313167611
411,0,0.0,0.6488208993754381
412,0,1.0,0.6147972780659674
413,0,0.0,0.5630076607595736
414,0,0.0,0.6269364694063726
415,0,0.0,0.6165889783182859
416,0,0.0,0.6610287376267117
417,0,0.0,0.6705873425528781
418,0,0.0,0.6581127095047874
419,0,0.0,0.6706560399046502
420,0,0.0,0.6682691291376688
421,0,0.0,0.7017774567072524
422,1,0.0,0.7347792315579222
423,0,0.0,0.6059315893248881
424,0,0.0,0.6503188810262424
425,0,0.0,0.6380096742362593
426,0,0.0,0.6917181681332822
427,0,0.0,0.6589695227236233
428,0,0.0,0.6690263656770123
429,0,0.0,0.691770113453116
430,0,0.0,0.6931987171031351
431,0,0.0,0.6377740731082362
432,0,0.0,0.5504450430029594
433,0,0.0,0.2747248108629542
434,0,0.0,0.33185662377818703
435,0,0.0,0.651579759195555
436,0,1.0,0.6747331974201121
437,0,0.0,0.6488208993754381
438,0,0.0,0.6941209851840314
439,0,0.0,0.6148453002470767
440,0,0.0,0.6370957037154685
441,0,0.0,0.680788725069001
442,0,0.0,0.6714969149396519
443,0,0.0,0.22248899429282956
444,0,0.0,0.4464645017572766
445,0,0.0,0.6682613328529727
446,0,0.0,0.6589695227236233
447,0,0.0,0.7224724223901261
448,0,0.0,0.6887684390854938
449,0,0.0,0.6713683135607519
450,0,0.0,0.6674340925189479
451,0,0.0,0.6572984955129126
452,0,0.0,0.6896586545540396
453,0,0.0,0.7013583488416603
454,0,0.0,0.7243842112265032
455,0,0.0,0.6681991253429872
456,0,0.0,0.7152271000252035
457,1,0.0,0.7362892282538357
458,0,0.0,0.7102587602334591
459,0,0.0,0.3379553843411932
460,0,0.0,0.40753387232424454
461,0,0.0,0.6938463497452805
462,0,1.0,0.6889437893690719
463,1,0.0,0.7587752214190701
464,0,0.0,0.7285741701186133
465,0,0.0,0.7413161371638771
466,0,0.0,0.7242310011132802
467,0,0.0,0.7115928818750764
468,1,0.0,0.7579895116977796
469,0,0.0,0.7661159825884072
470,0,0.0,0.7662464140532631
471,0,0.0,0.667445414817667
472,0,0.0,0.6781640584453206
473,0,0.0,0.6895333126438248
474,0,0.0,0.6888148591760886
475,0,0.0,0.6930655481638124
476,0,0.0,0.6919421759973948
477,0,0.0,0.7010000162979064
478,0,0.0,0.7102121808771555
479,0,0.0,0.6244757897157139
480,0,0.0,0.6698750688967764
481,0,0.0,0.7016809490445362
482,0,0.0,0.7012720762492771
483,1,0.0,0.7362892282538357
484,0,0.0,0.7362892282538357
485,0,0.0,0.6878739283553472
486,0,0.0,0.6799146070499984
487,0,0.0,0.645981591968056
488,0,0.0,0.6467509184306545
489,0,0.0,0.6886388019136779
490,0,0.0,0.6812422988891362
491,0,0.0,0.7225350874944947
492,0,0.0,0.6467466247920959
493,0,0.0,0.6156690145670782
494,0,0.0,0.6583802681490291
495,0,0.0,0.6682691291376688
496,0,0.0,0.649282316418557
497,0,0.0,0.659296736719518
498,0,0.0,0.6722858446548193
499,0,0.0,0.625482282020231
500,0,0.0,0.6476368402606415
501,0,0.0,0.3298999332370426
502,0,0.0,0.30130621914660355
503,0,0.0,0.5742173932175665
504,0,1.0,0.6158586561683377
505,0,0.0,0.723915447018592
506,0,0.0,0.710341828642333
507,0,0.0,0.6802382430457905
508,0,0.0,0.6886896765315826
509,0,0.0,0.7228020906333216
510,1,0.0,0.7359672917705
511,0,0.0,0.7227651282271361
512,0,0.0,0.6246585677002292
513,0,0.0,0.709317670147009
514,0,0.0,0.7004621224540905
515,0,0.0,0.6751562844638382
516,0,0.0,0.7133423055239655
517,0,0.0,0.7224724223901261
518,0,0.0,0.6162651362040614
519,0,0.0,0.6634735201734538
520,0,0.0,0.7021449292733635
521,0,0.0,0.656592426501188
522,0,0.0,0.6380096742362593
523,0,0.0,0.6468718074366019
524,0,0.0,0.629945884739087
525,0,0.0,0.5192554806356037
526,0,0.0,0.6363633472803674
527,0,0.0,0.677079069682416
528,0,0.0,0.7109263390832906
529,0,0.0,0.6244171204361557
530,0,0.0,0.6895798920001283
531,0,0.0,0.7017288838287278
532,0,0.0,0.6982171630495911
533,0,0.0,0.6761342642898286
534,0,0.0,0.6804772660650964
535,0,0.0,0.710341828642333
536,1,0.0,0.730812286556575
537,0,0.0,0.7243842112265032
538,0,0.0,0.6621715783480212
539,0,0.0,0.625482282020231
540,0,0.0,0.7094937274094195
541,0,0.0,0.6459858856066146
542,0,0.0,0.667371276650136
543,0,0.0,0.7018667914814675
544,0,0.0,0.6682613328529727
545,0,0.0,0.6689658483585896
546,0,0.0,0.671308591955805
547,0,0.0,0.7236191784024638
548,0,0.0,0.6894036754720086
549,0,0.0,0.6567264542777661
550,0,0.0,0.647075553784854
551,0,0.0,0.5826009792801843
552,0,0.0,0.22134808462442365
553,0,0.0,0.6059415254187179
554,0,0.0,0.7068652337042831
555,0,1.0,0.6929423157446298
556,1,0.0,0.7361514787583143
557,0,0.0,0.7370182539418751
558,0,0.0,0.7229489923676042
559,0,0.0,0.8154076420592967
560,0,0.0,0.858427307498134
561,0,0.0,0.8860862058947905
562,0,0.0,0.824645835984241
563,0,0.0,0.845660876170507
564,0,0.0,0.7685898327790452
565,0,0.0,0.7978850249306565
566,0,0.0,0.6872894179143896
567,0,0.0,0.7055036005459856
568,1,0.0,0.7316095131715841
569,0,0.0,0.7519378965657929
570,0,0.0,0.6888193242967598
571,0,0.0,0.6383450301312921
572,0,0.0,0.2792787875329343
573,0,0.0,0.5848233955324365
574,0,0.0,0.6941209851840314
575,0,1.0,0.6753692314657888
576,1,0.0,0.7531873572557329
577,0,0.0,0.7664732623587199
578,0,0.0,0.7661159825884072
579,0,0.0,0.7308909004381391
580,0,0.0,0.7952355211751382
581,0,0.0,0.7094426935258061
582,0,0.0,0.6804177296359566
583,1,0.0,0.7521484911087803
584,0,0.0,0.6549776959110024
585,0,0.0,0.6674963000289331
586,0,0.0,0.6680806512041818
587,0,0.0,0.2795365295233187
588,0,0.0,0.2570806427672101
589,0,0.0,0.6458021929482592
590,0,1.0,0.6588443400791173
591,0,0.0,0.6804772660650964
592,0,0.0,0.6853549750878077
593,0,0.0,0.6791175385925817
594,0,0.0,0.7144461290173298
595,0,0.0,0.692610988488118
596,1,0.0,0.728235627441229
597,0,0.0,0.7239431724044808
598,0,0.0,0.7228692208583616
599,0,0.0,0.6592660307133075
600,0,0.0,0.7029670177779419
601,0,0.0,0.7136651580094561
602,0,0.0,0.6612964271073193
603,0,0.0,0.6378335925584029
604,0,0.0,0.6488208993754381
605,0,0.0,0.6939796881110089
606,0,0.0,0.6930655481638124
607,0,0.0,0.6277667298541
608,0,0.0,0.6375041550962903
609,0,0.0,0.6488208993754381
610,0,0.0,0.6468718074366019
611,0,0.0,0.6888228147264936
612,0,0.0,0.6557427287350422
613,0,0.0,0.7107965426457656
614,0,0.0,0.6812422988891362
615,0,0.0,0.6761531775898391
616,0,0.0,0.7007068663332551
617,0,0.0,0.13737089883445036
618,0,0.0,0.3793813684470947
619,0,0.0,0.6580633690712436
620,0,1.0,0.7231781395804414
621,0,0.0,0.6172775147784384
622,0,0.0,0.6680694775778098
623,0,0.0,0.6583000334647237
624,0,0.0,0.7178744425204121
625,0,0.0,0.7248101170144478
626,0,0.0,0.6513886974415615
627,0,0.0,0.6467509184306545
628,0,0.0,0.6478468554011133
629,0,0.0,0.6261308787425902
630,0,0.0,0.628607604889102
631,0,0.0,0.65742351889171
632,0,0.0,0.6713669659942064
633,0,0.0,0.7010000162979064
634,0,0.0,0.6519329651900706
635,0,0.0,0.7236501918662354
636,0,0.0,0.6452167184097255
637,0,0.0,0.6889445069412661
638,0,0.0,0.68889362173
639,0,0.0,0.6674340925189479
640,0,0.0,0.6583000334647237
641,0,0.0,0.7008400740095342
642,0,0.0,0.6681394919658529
643,0,0.0,0.648747803889649
644,1,0.0,0.7361465706184922
645,0,0.0,0.6479800243404363
646,0,0.0,0.6378765052969366
647,1,0.0,0.7589132984982152
648,0,0.0,0.6253658459185508
649,0,0.0,0.692610988488118
650,0,0.0,0.6386573068784047
651,0,0.0,0.6581286476886216
652,0,0.0,0.18588854429426327
653,0,0.0,0.35391683672326335
654,0,0.0,0.6478517748101232
655,0,1.0,0.710341828642333
656,1,0.0,0.7370701992617094
657,0,0.0,0.7053365390213354
658,0,0.0,0.7135319890701332
659,1,0.0,0.7566742761142623
660,0,0.0,0.7228717798349704
661,0,0.0,0.7522560283482369
662,0,0.0,0.7456292951603681
663,0,0.0,0.7025584277151262
664,0,0.0,0.5618600505861729
665,0,0.0,0.27001989341711413
666,0,0.0,0.5942966498657076
667,0,0.0,0.6932540405740648
668,0,1.0,0.6895841978550908
669,0,0.0,0.7103927138535991
670,0,0.0,0.6562350363255854
671,0,0.0,0.6765045469321128
672,0,0.0,0.6888148591760886
673,0,0.0,0.7151751547053695
674,0,0.0,0.6247172491961914
675,0,0.0,0.6802382430457905
676,0,0.0,0.6580758885206839
677,0,0.0,0.6461067746125623
678,0,0.0,0.7159561257132433
679,0,0.0,0.6795259693896885
680,0,0.0,0.6496018703833119
681,0,0.0,0.6501855426605138
682,0,0.0,0.6504427454183136
683,0,0.0,0.692610988488118
684,0,0.0,0.6349794399413113
685,0,0.0,0.5938598691625849
686,0,0.0,0.5093794981020485
687,0,0.0,0.17801102557725185
688,0,0.0,0.46542070669536945
689,0,1.0,0.5944446665999391
690,0,0.0,0.637784009202066
691,0,0.0,0.6461067746125623
692,0,0.0,0.6707159439317781
693,0,0.0,0.5628837963675024
694,0,0.0,0.6938543067259862
695,0,0.0,0.6387957352468492
696,0,0.0,0.6796526968119168
697,0,0.0,0.627826633881228
698,0,0.0,0.5951203641857095
699,0,0.0,0.6378765052969366
700,0,0.0,0.6796526968119168
701,0,0.0,0.6269857588462262
702,1,0.0,0.7279558373606034
703,0,0.0,0.7052235001703319
704,0,0.0,0.624600813094511
705,0,0.0,0.6707159439317781
706,0,0.0,0.693198886529541
707,0,0.0,0.6699349729239045
708,0,0.0,0.6504427454183138
709,0,0.0,0.6050323048805312
710,0,0.0,0.6377740731082362
711,0,0.0,0.6880611151802821
712,0,0.0,0.5640727266120104
713,0,0.0,0.4845683547530081
714,0,0.0,0.46693553360896745
715,0,0.0,0.5510780022592967
716,0,0.0,0.5408614481467646
717,0,0.0,0.5444341315388814
718,0,0.0,0.46605908148964104
719,0,0.0,0.507389260798091
720,0,0.0,0.5071688841429122
721,0,0.0,0.5854271615651955
722,0,0.0,0.5081655997714055
723,0,0.0,0.5407048401923886
724,0,0.0,0.5224122788422482
725,0,0.0,0.5521518308924741
726,0,0.0,0.6199798018435174
727,0,0.0,0.5060070458110751
728,0,0.0,0.12589033043196043
729,0,0.0,0.3802207173738328
730,0,0.0,0.3327179148455787
731,0,1.0,0.4282514452831139
732,0,0.0,0.4854145297551658
733,0,0.0,0.4840814383712906
734,0,0.0,0.5410740605509509
735,0,0.0,0.5248008456044907
736,0,0.0,0.5415517906914344
737,0,0.0,0.1883790835941498
738,0,0.0,0.3228446385393078
739,0,0.0,0.09820754166105479
740,0,0.0,0.32077237598986613
741,0,0.0,0.42378775711902344
742,0,0.0,0.36834790961611535
743,0,0.0,0.4483447059505394
744,0,0.0,0.3293191881966031
745,0,0.0,0.3232165627317164
746,0,0.0,0.3148621384320426
747,0,0.0,0.38154901774247474
748,0,0.0,0.3128781839260446
749,0,0.0,0.3443827168628936
750,0,0.0,0.39865461168534533
751,0,0.0,0.4945649225574756
752,0,0.0,0.4709255990402209
753,0,0.0,0.36470058197699307
754,0,0.0,0.35901661696007275
755,0,0.0,0.038708290112426366
756,0,0.0,0.1349610990412186
757,0,0.0,0.14939194539823297
758,0,0.0,0.09186419720169982
759,0,0.0,0.2825228691858216
760,0,0.0,0.24623375138131032
761,0,0.0,0.25048965602436263
762,0,0.0,0.3779210246045372
763,0,0.0,0.3227332101420759
764,0,0.0,0.3499136495753681
765,0,0.0,0.29100853277188954
766,0,0.0,0.41294996208660334
767,0,0.0,0.48372115401957044
768,0,0.0,0.5443759520583582
769,0,0.0,0.397137610667374
770,0,0.0,0.4011108258370117
771,0,0.0,0.3280346109790513
772,0,0.0,0.31308858679582346
773,0,0.0,0.3483555702303782
774,0,0.0,0.2740004683335492
775,0,0.0,0.2361909029047572
776,0,0.0,0.14854975630693767
777,0,0.0,0.13626024645910162
778,0,0.0,0.2760902058895917
779,0,0.0,0.2325507873759959
780,0,0.0,0.15696771112794247
781,0,0.0,0.08815250493222015
782,0,0.0,0.13460088769227502
783,0,0.0,0.20269461130177907
784,0,0.0,0.2297857762899241
785,0,0.0,0.20386662150815296
786,0,0.0,0.25356083906474636
787,0,0.0,0.2914460073524508
788,0,0.0,0.3052291571076704
789,0,0.0,0.28431932011136707
790,0,0.0,0.30777203014518534
791,0,0.0,0.313867964651005
792,0,0.0,0.3363504018733536
793,0,0.0,0.42797363984010883
794,0,0.0,0.3442193006206386
795,0,0.0,0.21209402086858115
796,0,0.0,0.16925534343882492
797,0,0.0,0.2994724699347955
798,0,0.0,0.3078758948509874
799,0,0.0,0.3429325551263827
800,0,0.0,0.22987763410895096
801,0,0.0,0.2862693964266185
802,0,0.0,0.3419113373621042
803,0,0.0,0.17302029704775065
804,0,0.0,0.3604680607364439
805,0,0.0,0.270906641075087
806,0,0.0,0.3166340326436484
807,0,0.0,0.28947371346523304
808,0,0.0,0.31761283170201793
809,0,0.0,0.3196148228043151
810,0,0.0,0.2710935802208772
811,0,0.0,0.22800943175553023
812,0,0.0,0.2590325092026161
813,0,0.0,0.2543732041149949
814,0,0.0,0.3549880238520971
815,0,0.0,0.3323384161762492
816,0,0.0,0.3740210951592125
817,0,0.0,0.357593025312332
818,0,0.0,0.35366458256054095
819,0,0.0,0.3522956028615019
820,0,0.0,0.391513922426988
821,0,0.0,0.4245509826665707
822,0,0.0,0.3440530188122301
823,0,0.0,0.36136109397085125
824,0,0.0,0.33069411019706957
825,0,0.0,0.121203341125832
826,0,0.0,0.3200598888633068
827,0,0.0,0.4170448923164566
828,0,0.0,0.1877015579472504
829,0,0.0,0.4361468956435717
830,0,0.0,0.6477557340894338
831,0,0.0,0.5214095676977905
832,0,0.0,0.4270184766229935
833,0,0.0,0.41668140712850427
834,0,0.0,0.43648129078902437
835,0,0.0,0.4972451353333726
836,0,0.0,0.40144701058086146
837,0,0.0,0.3811612327261407
838,0,0.0,0.41872815040945943
839,0,0.0,0.37767213924271065
840,0,0.0,0.33369043399515175
841,0,0.0,0.39337600221090524
842,0,0.0,0.2611981338998546
843,0,1.0,0.3005261672238636
844,1,0.0,0.7689250584406104
845,0,0.0,0.7535795903874363
846,0,0.0,0.6132158479802009
847,0,0.0,0.7023769443322857
848,0,0.0,0.5916994549132553
849,0,0.0,0.41897987065176884
850,0,0.0,0.472419050677531
851,0,0.0,0.43735952628972713
852,0,0.0,0.44895210246323997
853,0,0.0,0.5094530072988375
854,0,0.0,0.4876423675799812
855,0,0.0,0.46759519621609724
856,0,0.0,0.405176217022791
857,0,0.0,0.4402387883068949
858,0,0.0,0.4613138960297482
859,0,0.0,0.48168907252334947
860,0,0.0,0.5151668380100437
861,0,0.0,0.44803488668483415
862,0,0.0,0.48512692375436534
863,0,0.0,0.47898153220970413
864,0,0.0,0.4548353185579511
865,0,0.0,0.48867873087643615
866,0,0.0,0.4188177109690763
867,0,0.0,0.5195548456803445
868,0,0.0,0.5430734197135629
869,0,0.0,0.5314985491152303
870,0,0.0,0.4149083630155854
871,0,0.0,0.42549105392652203
872,0,0.0,0.4742482644497715
873,0,0.0,0.5397803309477599
874,0,0.0,0.36644849036795796
875,0,0.0,0.2403050550058889
876,0,0.0,0.44781771515003566
877,0,0.0,0.48727494553403117
878,0,1.0,0.4894090746615895
879,0,0.0,0.4187317741500488
880,0,0.0,0.5201980957041306
881,0,0.0,0.4394106392759433
882,0,0.0,0.549616576398526
883,0,0.0,0.4406393881921535
884,0,0.0,0.48415633176729306
885,0,0.0,0.45203124475354306
886,0,0.0,0.4693287570524585
887,0,0.0,0.47538378726238933
888,0,0.0,0.43171653237289903
889,0,0.0,0.5340957042284145
890,0,0.0,0.5915326308951082
891,1,0.0,0.7650202468819544
892,0,0.0,0.6229932025233642
893,0,1.0,0.6235502770515907
894,0,0.0,0.6305345907987936
895,0,0.0,0.461224270791721
896,0,0.0,0.43397275104026967
897,0,0.0,0.4082934073359209
898,0,0.0,0.4495338138445161
899,0,0.0,0.6016576148666122
900,0,0.0,0.6181079698756877
901,0,0.0,0.6512329825506983
902,0,0.0,0.668760029421438
903,0,0.0,0.7176893902958866
904,1,0.0,0.7516644669226695
905,0,0.0,0.7338516329798122
906,0,0.0,0.7262105483466822
907,0,0.0,0.6812920928077859
908,0,0.0,0.6597085646576654
909,0,0.0,0.55088576935796
910,0,0.0,0.5689616158493378
911,0,0.0,0.5432923033265173
912,0,0.0,0.579719555448475
913,0,0.0,0.5213323057830336
914,0,0.0,0.5075106016791676
915,0,0.0,0.5922853603589685
916,0,0.0,0.5946829999618857
917,0,0.0,0.41909597298931406
918,0,0.0,0.27388901105256125
919,0,0.0,0.14844855200984033
920,0,0.0,0.31645363843081237
921,0,1.0,0.5165339078028632
922,0,0.0,0.5642606301968803
923,0,0.0,0.4810838224790756
924,0,0.0,0.49647913861741094
925,0,0.0,0.5987129388328387
926,0,0.0,0.5743860015779424
927,0,0.0,0.6772210794197752
928,0,0.0,0.5521739138866858
929,0,0.0,0.5273034878844642
930,0,0.0,0.503537067665251
931,0,0.0,0.5390854527948769
932,0,0.0,0.5399306160747682
933,0,0.0,0.41832285473573466
934,0,0.0,0.4704975071694008
935,0,0.0,0.5302586121915144
936,0,0.0,0.5527227359461422
937,0,0.0,0.4842579427743613
938,0,0.0,0.38595396765904644
939,0,0.0,0.44340716909452765
940,0,0.0,0.4397415197958924
941,1,0.0,0.7647267547273874
942,0,0.0,0.7389151269955413
943,0,1.0,0.6529477797070111
944,0,0.0,0.5643943611890817
945,0,0.0,0.5747083163967165
946,0,0.0,0.4989220593960575
947,0,0.0,0.6564262288623678
948,0,0.0,0.49391892027553896
949,0,0.0,0.5528272326089341
950,0,0.0,0.5893709260317661
951,0,0.0,0.4761234545993337
952,0,0.0,0.46882553533546645
953,0,0.0,0.3247820297252043
954,0,0.0,0.6510288379024545
955,1,1.0,0.9691856733686268
956,0,0.0,1.0
957,0,0.0,0.9541314687245415
958,0,0.0,0.9353149242837665
959,0,0.0,0.9672488231822156
960,0,0.0,0.8727004093491937
961,0,0.0,0.5752190192304265
962,0,0.0,0.5776990295314963
963,0,0.0,0.47318343764443405
964,0,0.0,0.5436074541828644
965,0,0.0,0.47336010658328176
966,0,0.0,0.4925073760152373
967,0,0.0,0.48857221133374484
968,0,0.0,0.443401993529677
969,0,0.0,0.47501798699112363
970,0,0.0,0.509049185409594
971,0,0.0,0.5770197998052694
972,0,0.0,0.6497670590696192
973,0,0.0,0.612591488819518
974,0,1.0,0.705688649133587
975,0,0.0,0.6412443130837517
976,0,0.0,0.6017976614498102
977,0,0.0,0.4730165747578244
978,0,0.0,0.3252635947058774
979,0,0.0,0.5067073715605535
980,0,0.0,0.41825760950340124
981,0,0.0,0.36416441822412216
982,0,0.0,0.44247482327091453
983,0,0.0,0.47312439794999617
984,0,0.0,0.48180051765740006
985,0,0.0,0.4389615289574949
986,0,0.0,0.5097892831678782
987,0,0.0,0.5188882237122969
988,0,0.0,0.6142684918894538
989,0,0.0,0.5315277090257129
990,0,0.0,0.5306702909256623
991,0,0.0,0.4861887625478732
992,0,0.0,0.3280785388278177
993,0,0.0,0.6085920177535836
994,1,0.0,0.8662441456980686
995,0,1.0,0.648704028559544
996,0,0.0,0.6433813031030847
997,0,0.0,0.6149412065761145
998,0,0.0,0.5730274462426482
999,0,0.0,0.5871042684809847
1000,0,0.0,0.5746176474038572
1001,0,0.0,0.6210878855473503
1002,0,0.0,0.6453951032072778
1003,0,0.0,0.6248669490172128
1004,0,0.0,0.6609420793233692
1005,0,0.0,0.6906989660865542
1006,0,0.0,0.6773605437779907
1007,0,0.0,0.6775998469664624
1008,0,0.0,0.6460089304428808
1009,0,0.0,0.5823454818520573
1010,0,0.0,0.6435265360410436
1011,0,0.0,0.5298258615675822
1012,0,0.0,0.5974544121919043
1013,0,0.0,0.48139880488737163
1014,0,0.0,0.5151037247698689
1015,0,0.0,0.5262923174515451
1016,0,0.0,0.43830821166467987
1017,0,0.0,0.4812831215533099
1018,0,0.0,0.4905501619436877
1019,0,0.0,0.49386542717823917
1020,0,0.0,0.5643052540641869
1021,0,0.0,0.7082510765307527
1022,1,0.0,0.9016756194132535
1023,0,1.0,0.8530060720056549
1024,0,0.0,0.8298705989341304
1025,0,0.0,0.7979704982963598
1026,0,0.0,0.7711241466350247
1027,0,0.0,0.761055067386778
1028,0,0.0,0.8140495078578014
1029,0,0.0,0.8145606814690846
1030,0,0.0,0.5538601477119485
1031,0,0.0,0.4051053331386535
1032,0,0.0,0.5916590680339053
1033,0,0.0,0.5534455019335267
1034,0,1.0,0.45531030070444317
1035,0,0.0,0.41468191609728955
1036,0,0.0,0.49151198014016706
1037,0,0.0,0.490814319928811
1038,0,0.0,0.4925110823151554
1039,0,0.0,0.5066669407175065
1040,0,0.0,0.4063271931104317
1041,0,0.0,0.505865892550444
1042,0,0.0,0.47194218407277083
1043,0,0.0,0.4944604733113788
1044,0,0.0,0.35278612982876467
1045,0,0.0,0.3042527094330044
1046,0,0.0,0.3822244902627313
1047,0,0.0,0.4804969392947039
1048,0,1.0,0.4561988681696172
1049,0,0.0,0.510022793633614
1050,0,0.0,0.48346414841418844
1051,0,0.0,0.47848639134762905
1052,0,0.0,0.5850212174555702
1053,0,0.0,0.49345341465362247
1054,0,0.0,0.49846057754766715
1055,0,0.0,0.44054041629429846
1056,0,0.0,0.7151940938452561
1057,0,0.0,0.71503101428116
1058,0,1.0,0.6201429072104148
1059,0,0.0,0.6649262985923143
1060,0,0.0,0.6280253148799405
1061,0,0.0,0.6330449302055149
1062,0,0.0,0.6214950895339373
1063,0,0.0,0.5425951728231371
1064,0,0.0,0.5669336798805722
1065,0,0.0,0.5443691625459673
1066,0,0.0,0.5345086627456548
1067,0,0.0,0.5272797545576087
1068,0,0.0,0.5430802318136656
1069,0,0.0,0.4988880214000436
1070,0,0.0,0.5767121955086106
1071,0,0.0,0.5335592482221049
1072,0,0.0,0.5861934877934895
1073,0,0.0,0.5932246387259864
1074,0,0.0,0.5777151734080965
1075,0,0.0,0.56799948015263
1076,0,0.0,0.6949945022442873
1077,0,0.0,0.46881421574573057
1078,0,0.0,0.44690124026645267
1079,0,0.0,0.5877412371256995
1080,0,0.0,0.6377189451472028
1081,0,0.0,0.6268962736093813
1082,0,0.0,0.42436803025242487
1083,1,0.0,0.832719512818507
1084,0,0.0,0.6930134968868353
1085,0,1.0,0.6232808305141465
1086,0,0.0,0.5665341285854772
1087,0,0.0,0.5906072614723386
1088,0,0.0,0.6250892680637015
1089,0,0.0,0.6130347819751979
1090,0,0.0,0.596750549645409
1091,0,0.0,0.6398001027120878
1092,0,0.0,0.5323279723458518
1093,0,0.0,0.5426484376723334
1094,0,0.0,0.4407930049365765
1095,0,0.0,0.4836416148995448
1096,0,0.0,0.6620985570628483
1097,0,0.0,0.5903939518730331
1098,0,0.0,0.48131615941557904
1099,0,0.0,0.43683016895725046
1100,0,0.0,0.4496296245166034
1101,0,0.0,0.46792768693925985
1102,0,0.0,0.4439770923754857
1103,0,0.0,0.7018531968123192
1104,1,1.0,0.8867603007961974
1105,0,0.0,0.624497670645628
1106,0,0.0,0.6160407810918822
1107,0,0.0,0.5667682621546237
1108,0,0.0,0.5857017858877667
1109,0,0.0,0.6721671876101669
1110,0,0.0,0.6676346492751691
1111,0,0.0,0.5956756815949141
1112,0,0.0,0.6142488099648125
1113,0,0.0,0.5742911154975966
1114,0,0.0,0.4251957352484903
1115,0,0.0,0.5032000762186636
1116,0,0.0,0.5391512972677296
1117,0,0.0,0.562902740266858
1118,0,0.0,0.5299852485249565
1119,0,0.0,0.48431395275890954
1120,0,0.0,0.5372747296305176
1121,0,0.0,0.6233450917653508
1122,0,0.0,0.5517140711663692
1123,0,0.0,0.505601730973564
1124,0,0.0,0.5730865490592222
1125,0,0.0,0.5373939115078246
1126,0,0.0,0.4728789604466937
1127,0,0.0,0.5626034431813082
1128,0,0.0,0.6135843220520817
1129,0,0.0,0.5422011592774896
1130,0,0.0,0.5646475248570116
1131,0,0.0,0.618904473232518
1132,0,0.0,0.6026235824109378
1133,0,0.0,0.6151900528318016
1134,0,0.0,0.5118583299771439
1135,0,0.0,0.6360018568423023
1136,0,0.0,0.63484406557711
1137,0,0.0,0.7059986195687312
1138,0,0.0,0.6535347255179237
1139,0,0.0,0.611808815316168
1140,0,0.0,0.6768588614412836
1141,0,0.0,0.5720845743456262
1142,0,0.0,0.5977744693182393
1143,0,0.0,0.4955188221362003
1144,0,0.0,0.5782893503305541
1145,0,0.0,0.5984222815864966
1146,0,0.0,0.6419552910333877
1147,0,0.0,0.439983786130284
1148,0,0.0,0.3973421808308124
1149,0,0.0,0.3973909691842912
1150,0,0.0,0.463730270009816
1151,0,1.0,0.530395176545723
1152,0,0.0,0.5794477977574615
1153,0,0.0,0.46884154784211457
1154,0,0.0,0.39454737974902176
1155,0,0.0,0.29398093744390463
1156,0,0.0,0.4098134850467841
1157,1,0.0,0.790037457372908
1158,0,0.0,0.5990775168525011
1159,0,0.0,0.5884409934347758
1160,0,0.0,0.5193913779932654
1161,0,0.0,0.5336641662961104
1162,0,0.0,0.5221262955328075
1163,0,0.0,0.5113703226767125
1164,0,0.0,0.5421836441108507
1165,0,0.0,0.5622550223297285
1166,0,0.0,0.5307733294578414
1167,0,0.0,0.6851875713717938
1168,0,0.0,0.5301273493021741
1169,0,0.0,0.5870553763392994
1170,0,0.0,0.5431288297189074
1171,0,0.0,0.5305217759922722
1172,0,0.0,0.5007575141817844
1173,0,0.0,0.5206006222287668
1174,0,0.0,0.4894200494666024
1175,0,0.0,0.4554691998923291
1176,0,0.0,0.40057536967821245
1177,0,0.0,0.45763794969446897
1178,0,0.0,0.5341502347587064
1179,0,0.0,0.6245205640106467
1180,0,0.0,0.58968068003014
1181,1,1.0,0.7302851971050358
1182,0,0.0,0.3804935163889767
1183,0,0.0,0.6234154978310521
1184,1,0.0,0.8277823203282205
1185,0,0.0,0.69770886535652
1186,0,0.0,0.6214246432405615
1187,0,0.0,0.6713537423795718
1188,0,0.0,0.5408384969224067
1189,0,0.0,0.7149033610394254
1190,0,0.0,0.6727175079599979
1191,0,0.0,0.7163361346764432
1192,0,0.0,0.6767386725387211
1193,0,0.0,0.5307705422361428
1194,0,0.0,0.5178969999054973
1195,0,0.0,0.4605001527013703
1196,0,0.0,0.2989620318645451
1197,0,1.0,0.5207350092920751
1198,0,0.0,0.5278679152650453
1199,0,0.0,0.5522272858767755
1200,0,0.0,0.5165555666431612
1201,0,0.0,0.5731036138162818
1202,0,0.0,0.5344305216785272
1203,0,0.0,0.5418145898873314
1204,0,0.0,0.5843043395634127
1205,0,0.0,0.507432640127219
1206,0,0.0,0.5219641381422772
1207,0,0.0,0.5247088685215121
1208,0,0.0,0.5108884189081834
1209,0,0.0,0.5427412892193235
1210,0,0.0,0.49850676944724437
1211,0,0.0,0.32714012402830506
1212,0,0.0,0.3342125553323715
1213,0,0.0,0.4657409113016727
1214,0,0.0,0.567557832393847
1215,0,1.0,0.5324340788600896
1216,0,0.0,0.5085709175826258
1217,0,0.0,0.5345489860316118
1218,0,0.0,0.6113406259053413
1219,0,0.0,0.6130347819751979
1220,0,0.0,0.5998050730797311
1221,0,0.0,0.5833141527508046
1222,0,0.0,0.28527388059440306
1223,0,0.0,0.3766331700918599
1224,0,0.0,0.5596367000709679
1225,0,1.0,0.5975678310269336
1226,0,0.0,0.6921255850845419
1227,0,0.0,0.6291767310100039
1228,0,0.0,0.5626823183658637
1229,0,0.0,0.5279505787065694
1230,0,0.0,0.5118704040500605
1231,0,0.0,0.5419737436440079
1232,0,0.0,0.6095493256981162
1233,0,0.0,0.4757529248211915
1234,0,0.0,0.5310194914514383
1235,0,0.0,0.5206006222287668
1236,0,0.0,0.5211128424178029
1237,0,0.0,0.5062013891218871
1238,0,0.0,0.4661235281299955
1239,0,0.0,0.49920906609201177
1240,0,0.0,0.482590585732368
1241,0,0.0,0.433175025167392
1242,0,0.0,0.4122628560186092
1243,0,0.0,0.4213198270234102
1244,0,0.0,0.5630826705186142
1245,0,0.0,0.4733885419895004
1246,0,0.0,0.5072730726027347
1247,0,0.0,0.5081637456739144
1248,0,0.0,0.5753223293132935
1249,0,0.0,0.520694954325919
1250,0,0.0,0.4858109964789691
1251,0,0.0,0.5331827382019506
1252,0,0.0,0.4466201520216565
1253,0,0.0,0.5078546620685915
1254,0,0.0,0.5873952139263219
1255,0,0.0,0.5085665712738652
1256,0,0.0,0.4297720647632872
1257,0,0.0,0.552408363788935
1258,0,0.0,0.5533584507818341
1259,0,0.0,0.45496007084482165
1260,0,0.0,0.44369980992402064
1261,0,0.0,0.416725051618967
1262,0,0.0,0.455912977906382
1263,0,0.0,0.45624034688106796
1264,0,0.0,0.4207565411733297
1265,0,0.0,0.37952307143766134
1266,0,0.0,0.36783942705886474
1267,0,0.0,0.37738203257468034
1268,0,0.0,0.44648375728071843
1269,0,0.0,0.48788715586466963
1270,0,0.0,0.6613866773714729
1271,0,1.0,0.4781663065383563
1272,0,0.0,0.550547514016156
1273,0,0.0,0.5104404835435126
1274,0,0.0,0.4649992241122176
1275,0,0.0,0.5126367479509879
1276,0,0.0,0.5603647790967928
1277,0,0.0,0.5106414571283968
1278,0,0.0,0.5195283891557153
1279,0,0.0,0.49581405861132716
1280,0,0.0,0.48028843562238255
1281,0,0.0,0.37080617056746107
1282,0,0.0,0.40830651235790044
1283,0,0.0,0.41696299927875347
1284,0,0.0,0.5127162690675863
1285,0,0.0,0.4659347499601157
1286,0,0.0,0.3775643810281958
1287,0,0.0,0.43856224546946515
1288,0,0.0,0.45961409289584865
1289,0,0.0,0.4849843186940343
1290,0,0.0,0.4716959603088667
1291,0,0.0,0.46558581962777307
1292,0,0.0,0.36057169466048294
1293,0,0.0,0.43166750191477093
1294,0,0.0,0.4984937844693193
1295,0,0.0,0.4752017951120221
1296,0,0.0,0.4220716530705747
1297,0,0.0,0.4353503829647583
1298,0,0.0,0.4716853740876096
1299,0,0.0,0.5392321666796113
1300,0,0.0,0.3961168252188019
1301,0,0.0,0.44641399683594124
1302,1,0.0,0.9386520877035698
1303,0,0.0,0.8763263428526431
1304,0,1.0,0.9304395940523384
1305,0,0.0,0.6361611451250475
1306,0,0.0,0.5416735680226465
1307,0,0.0,0.6076340879044857
1308,0,0.0,0.5887565029809962
1309,0,0.0,0.5460379775890023
1310,0,0.0,0.6103294252608406
1311,0,0.0,0.5174918351121385
1312,0,0.0,0.6055662546870886
1313,0,0.0,0.6062725517336074
1314,0,0.0,0.49295041833669334
1315,0,0.0,0.5263164219706611
1316,0,0.0,0.4413388489654922
1317,0,0.0,0.4527113392535604
1318,0,0.0,0.608956682299091
1319,0,0.0,0.5061779142024508
1320,0,0.0,0.45073226494104524
1321,0,0.0,0.3632387032085607
1322,0,0.0,0.5290052212314728
1323,0,0.0,0.4869973184756534
1324,0,0.0,0.4206930737102237
1325,0,0.0,0.4411826953673362
1326,0,0.0,0.5310871887805017
1327,0,0.0,0.5103508317764788
1328,0,0.0,0.4417852848468846
1329,0,0.0,0.4941480758084148
1330,0,0.0,0.5408384969224067
1331,0,0.0,0.47341996260044933
1332,0,0.0,0.46756474584872293
1333,0,0.0,0.4869514472422438
1334,0,0.0,0.6401585715759465
1335,0,0.0,0.5448866974157576
1336,0,0.0,0.5103264143777846
1337,0,0.0,0.4530402003701254
1338,0,0.0,0.5443511956080633
1339,0,0.0,0.486487276499577
1340,0,0.0,0.4493322646462081
1341,0,0.0,0.4959956284968245
1342,0,0.0,0.5198195140773636
1343,0,0.0,0.4508116661418629
1344,0,0.0,0.38990594908692594
1345,0,0.0,0.3839827209484782
1346,0,0.0,0.2596855995276927
1347,0,0.0,0.5169443781062448
1348,0,1.0,0.5906072614723386
1349,0,0.0,0.5200558125967739
1350,0,0.0,0.4808542352124883
1351,0,0.0,0.48336081004926257
1352,0,0.0,0.5216822719212318
1353,0,0.0,0.5561383663115584
1354,0,0.0,0.6106862924983495
1355,0,0.0,0.6367032670633476
1356,0,0.0,0.6124516194992496
1357,0,0.0,0.5727375094874826
1358,0,0.0,0.4683207798421459
1359,0,0.0,0.486380967016725
1360,0,0.0,0.35378101455532446
1361,0,0.0,0.4133036940371722
1362,0,1.0,0.38174045124640943
1363,0,0.0,0.44481162017027703
1364,0,0.0,0.3893017080169853
1365,0,0.0,0.38941622201337805
1366,0,0.0,0.39667417809556765
1367,0,0.0,0.40764967087986625
1368,0,0.0,0.39696130055715106
1369,0,0.0,0.4981066657762991
1370,0,0.0,0.4870510227573478
1371,0,0.0,0.4455289823900071
1372,0,0.0,0.4287579812582833
1373,0,0.0,0.4350877735345394
1374,0,0.0,0.5407498999055952
1375,0,0.0,0.4139097894088808
1376,0,0.0,0.3773780304397344
1377,0,0.0,0.3570138532191858
1378,0,0.0,0.4539196845630131
1379,0,0.0,0.3653036575256267
1380,0,0.0,0.4266345553098455
1381,0,0.0,0.44088653084449314
1382,0,0.0,0.40832248026061224
1383,0,0.0,0.4550102055747681
1384,0,0.0,0.4168696970007824
1385,0,0.0,0.20492428258819487
1386,0,0.0,0.3312145873711561
1387,0,0.0,0.40965226055333914
1388,0,1.0,0.5051096789158224
1389,0,0.0,0.22607825639376422
1390,0,0.0,0.31613557503333917
1391,0,0.0,0.3699716652295627
1392,0,0.0,0.33384055353875314
1393,0,0.0,0.29940483905352344
1394,0,0.0,0.2808163995227474
1395,0,0.0,0.2705005769701284
1396,0,0.0,0.2795381514646626
1397,0,0.0,0.26897383016907783
1398,0,0.0,0.3299097671272928
1399,0,0.0,0.2763815333138588
1400,0,0.0,0.27997170074484967
1401,0,0.0,0.29821173741224877
1402,0,0.0,0.2838707730255767
1403,0,0.0,0.3764604817651637
1404,0,0.0,0.2748287097213197
1405,0,0.0,0.35767031739982924
1406,0,0.0,0.14375376112769858
1407,0,0.0,0.029551576895293873
1408,0,0.0,0.10599868890809173
1409,0,0.0,0.06650988225027174
1410,0,0.0,0.06606516533445601
1411,0,0.0,0.1432020877767282
1412,0,0.0,0.1517740041273251
1413,0,0.0,0.11452629364732433
1414,0,0.0,0.07641380667622563
1415,0,0.0,0.07307670005516957
1416,0,0.0,0.17439291226143477
1417,0,0.0,0.10080694605721073
1418,0,0.0,0.12412007709524697
1419,0,0.0,0.10729976244602421
1420,0,0.0,0.09967248402380997
1421,0,0.0,0.07144625825472019
1422,0,0.0,0.13066000421709523
1423,0,0.0,0.20705567312915052
1424,0,0.0,0.21213837424079035
1425,0,0.0,0.22966238617927873
1426,0,0.0,0.20391658457730427
1427,0,0.0,0.1876321924354693
1428,0,0.0,0.2320761955937222
1429,0,0.0,0.13021672028438966
1430,0,0.0,0.14344981433686455
1431,0,0.0,0.12959868542604494
1432,0,0.0,0.18620530406903693
1433,0,0.0,0.13771142997170813
1434,0,0.0,0.16609664617283015
1435,0,0.0,0.15578285532167413
1436,0,0.0,0.1930795878229329
1437,0,0.0,0.23628792540052415
1438,0,0.0,0.15870104040875252
1439,0,0.0,0.21213837424079035
1440,0,0.0,0.2549331305039135
1441,0,0.0,0.27727273997578683
1442,0,0.0,0.1890019695568736
1443,0,0.0,0.1975893040673261
1444,0,0.0,0.14314597403798102
1445,0,0.0,0.15870104040875252
1446,0,0.0,0.2274428149927971
1447,0,0.0,0.26753647605287184
1448,0,0.0,0.3403604494425425
1449,0,0.0,0.2930812030470377
1450,0,0.0,0.2690155602769351
1451,0,0.0,0.1964336695608744
1452,0,0.0,0.21824843876161043
1453,0,0.0,0.2540256963444723
1454,0,0.0,0.11981010320802389
1455,0,0.0,0.14741199547389483
1456,0,0.0,0.16176681658678077
1457,0,0.0,0.29482667226403664
1458,0,0.0,0.2643741078191467
1459,0,0.0,0.3140422292087674
1460,0,0.0,0.32977895408971625
1461,0,0.0,0.3207414509176628
1462,0,0.0,0.33167754952360606
1463,0,0.0,0.2319465503109736
1464,0,0.0,0.17366415856641818
1465,0,0.0,0.4128986191268207
1466,0,0.0,0.6038553287628394
1467,0,0.0,0.6175039467144439
1468,0,0.0,0.6205614459489632
1469,0,0.0,0.5319321876921113
1470,0,0.0,0.595721536027064
1471,0,0.0,0.5207409960023218
1472,0,0.0,0.46353403937350685
1473,0,0.0,0.5113652758739182
1474,0,0.0,0.5077319342888207
1475,0,0.0,0.449564055905763
1476,0,0.0,0.5221262955328075
1477,0,0.0,0.49303298439566107
1478,0,0.0,0.5010512290371705
1479,0,0.0,0.49644378972609876
1480,0,0.0,0.47201603932518055
1481,0,0.0,0.5084777911727887
1482,0,0.0,0.4625784427794002
1483,0,0.0,0.47089133874798383
1484,0,0.0,0.4066739717535709
1485,0,0.0,0.42253032790947037
1486,0,0.0,0.37330371760418873
1487,0,0.0,0.40921697984973315
1488,0,0.0,0.3956443963593998
1489,0,0.0,0.41886260256237146
1490,0,0.0,0.3485738019439699
1491,0,0.0,0.4401781280849715
1492,0,0.0,0.3998630952795915
1493,0,0.0,0.4743376882821961
1494,0,0.0,0.40689895616005983
1495,0,0.0,0.3525202861500414
1496,0,0.0,0.38850070891255406
1497,0,0.0,0.3704498650970397
1498,0,0.0,0.3710139092876289
1499,0,0.0,0.45178848747136174
1500,0,0.0,0.375457340151042
1501,0,0.0,0.42864980187284024
1502,0,0.0,0.4120238075837655
1503,0,0.0,0.43041832180757517
1504,0,0.0,0.4061638747550065
1505,0,0.0,0.38332226845714745
1506,0,0.0,0.4401781280849715
1507,0,0.0,0.45963251785991166
1508,0,0.0,0.452650682170387
1509,0,0.0,0.40552204838523015
1510,0,0.0,0.4682145404895222
1511,0,0.0,0.3880324327737529
1512,0,0.0,0.4199312766110399
1513,0,0.0,0.394633680514981
1514,0,0.0,0.17797209502627293
1515,0,0.0,0.12559164469008574
1516,0,1.0,0.38637683750151147
1517,0,0.0,0.42878985797436736
1518,0,0.0,0.4557316341493987
1519,0,0.0,0.4196367251332456
1520,0,0.0,0.44489206415264326
1521,0,0.0,0.42885951803207195
1522,0,0.0,0.3886537034027002
1523,0,0.0,0.38781230999055544
1524,0,0.0,0.416395459635197
1525,0,0.0,0.40696279576103134
1526,0,0.0,0.4185266769831121
1527,0,0.0,0.47239516925377895
1528,0,0.0,0.18298837627224726
1529,0,0.0,0.16902152332281542
1530,0,0.0,0.46601568589258574
1531,0,1.0,0.4675006625220586
1532,0,0.0,0.4898765100886054
1533,0,0.0,0.5346276675067633
1534,0,0.0,0.4897763557423365
1535,0,0.0,0.4743376882821961
1536,0,0.0,0.5346276675067633
1537,0,0.0,0.4678019139804228
1538,0,0.0,0.4568100640331576
1539,0,0.0,0.483745316581587
1540,0,0.0,0.48413882087294713
1541,0,0.0,0.5176707495370957
1542,0,0.0,0.48478143507744886
1543,0,0.0,0.5110457127848442
1544,0,0.0,0.4858290062097781
1545,0,0.0,0.48921297137046993
1546,0,0.0,0.4669206063734187
1547,0,0.0,0.47616875380381624
1548,0,0.0,0.5276516009730897
1549,0,0.0,0.4726485339790716
1550,0,0.0,0.47848639134762905
1551,0,0.0,0.483745316581587
1552,0,0.0,0.4941357095113792
1553,0,0.0,0.49848506075297927
1554,0,0.0,0.5390267531796128
1555,0,0.0,0.43970000934056697
1556,0,0.0,0.44206559617285657
1557,0,0.0,0.4552478768599955
1558,0,0.0,0.45064001616399374
1559,0,0.0,0.48585492301838135
1560,0,0.0,0.48939236698421307
1561,0,0.0,0.5010512290371705
1562,0,0.0,0.5086455237114585
1563,0,0.0,0.5090173701269396
1564,0,0.0,0.5111978547862102
1565,0,0.0,0.48638898974648076
1566,0,0.0,0.11220545663980434
1567,0,0.0,0.26887545995180767
1568,0,1.0,0.45279717434362343
1569,0,0.0,0.4670873942148377
1570,0,0.0,0.4854750312661029
1571,0,0.0,0.5346276675067633
1572,0,0.0,0.5117990681536108
1573,0,0.0,0.4777743194412328
1574,0,0.0,0.5056423265269704
1575,0,0.0,0.5126179620401954
1576,0,0.0,0.5506079384635174
1577,0,0.0,0.5022612449335822
1578,0,0.0,0.48676083616196175
1579,0,0.0,0.5322905744475416
1580,0,0.0,0.5677783426888828
1581,0,0.0,0.5070379690424267
1582,0,0.0,0.5350553874516621
1583,0,0.0,0.5100534886228014
1584,0,0.0,0.5337476628974971
1585,0,0.0,0.5288434568444238
1586,0,0.0,0.5538201767579923
1587,0,0.0,0.5234575320369509
1588,0,0.0,0.5538686818913666
1589,0,0.0,0.5419645317476058
1590,0,0.0,0.5084870968652438
1591,0,0.0,0.5445218504098064
1592,0,0.0,0.2528733031876264
1593,0,0.0,0.18509211292994762
1594,0,0.0,0.4863622792052127
1595,0,1.0,0.5060946360450407
1596,0,0.0,0.5070379690424267
1597,0,0.0,0.5409585033664501
1598,0,0.0,0.5385801914560884
1599,0,0.0,0.5080977382756091
1600,0,0.0,0.5172842959654923
1601,0,0.0,0.5431160485102758
1602,0,0.0,0.5349895480769682
1603,0,0.0,0.10445283628100376
1604,0,0.0,0.4169995096673399
1605,0,0.0,0.4507971113555115
1606,0,1.0,0.5060018505465649
1607,0,0.0,0.5141287774363585
1608,0,0.0,0.5471763658940314
1609,0,0.0,0.48638898974648076
1610,0,0.0,0.5514650489486799
1611,0,0.0,0.5645648912994362
1612,0,0.0,0.4894045093268554
1613,0,0.0,0.5326259893513352
1614,0,0.0,0.5520500778023005
1615,0,0.0,0.5117860612089044
1616,0,0.0,0.5396470828803279
1617,0,0.0,0.5241161494650567
1618,0,0.0,0.5114142147934235
1619,0,0.0,0.4563643550473465
1620,0,0.0,0.4885054927344908
1621,0,0.0,0.5462182398178643
1622,0,0.0,0.5282118199267417
1623,0,0.0,0.4672864093171282
1624,0,0.0,0.4989257128873038
1625,0,0.0,0.4332254762572482
1626,0,0.0,0.5074969274401695
1627,0,0.0,0.4870514855785746
1628,0,0.0,0.45445272080630944
1629,0,0.0,0.4440426256414492
1630,0,0.0,0.463380325254624
1631,0,0.0,0.45560337851045674
1632,0,0.0,0.4735849470164358
1633,0,0.0,0.4354572323787665
1634,0,0.0,0.49004947980370483
1635,0,0.0,0.4425045685919018
1636,0,0.0,0.45855299154212203
1637,0,0.0,0.14762706943383885
1638,0,0.0,0.42028983072106957
1639,0,1.0,0.540019864108004
1640,0,0.0,0.4868643913433945
1641,0,0.0,0.45478210952079334
1642,0,0.0,0.5096038597957312
1643,0,0.0,0.512135500228143
1644,0,0.0,0.4967637128586239
1645,0,0.0,0.5523674147646261
1646,0,0.0,0.5397355336244726
1647,0,0.0,0.5287444857537987
1648,0,0.0,0.4688792974764775
1649,0,0.0,0.5346008619566824
1650,0,0.0,0.5440104243883629
1651,0,0.0,0.3301732196657401
1652,0,0.0,0.20818513325084362
1653,0,0.0,0.5055476255987092
1654,0,1.0,0.5233022465227465
1655,0,0.0,0.5212684922140413
1656,0,0.0,0.5211426147216957
1657,0,0.0,0.490780597058675
1658,0,0.0,0.5009615677675355
1659,0,0.0,0.5104661600842453
1660,0,0.0,0.6130731510140511
1661,0,0.0,0.5197858871905126
1662,0,0.0,0.5877804636270606
1663,0,0.0,0.5581481883694946
1664,0,0.0,0.5459432056338201
1665,0,0.0,0.29999721256859646
1666,0,0.0,0.15786539666819582
1667,0,0.0,0.4507969307683761
1668,0,1.0,0.5452329504809715
1669,0,0.0,0.5575010905977558
1670,0,0.0,0.5342397775697527
1671,0,0.0,0.542233662773072
1672,0,0.0,0.5336641662961104
1673,0,0.0,0.5085801516465421
1674,0,0.0,0.4676233074296366
1675,0,0.0,0.5308780032169385
1676,0,0.0,0.47739704681933626
1677,0,0.0,0.5662076385099588
1678,0,0.0,0.5442999112800141
1679,0,0.0,0.5437178063127257
1680,0,0.0,0.5050887382494893
1681,0,0.0,0.555933583460484
1682,0,0.0,0.4855639308866997
1683,0,0.0,0.5015177045639446
1684,0,0.0,0.1404516548749441
1685,0,0.0,0.30018389408597695
1686,0,1.0,0.49080821738592223
1687,0,0.0,0.45391221983883834
1688,0,0.0,0.49850943255902713
1689,0,0.0,0.46780420986035665
1690,0,0.0,0.5056423265269704
1691,0,0.0,0.5427756719905732
1692,0,0.0,0.6068864939925664
1693,0,0.0,0.5547695912815422
1694,0,0.0,0.5988899180369297
1695,0,0.0,0.5435419986219953
1696,0,0.0,0.5761387624427996
1697,0,0.0,0.5727507741400139
1698,0,0.0,0.48379470619095105
1699,0,0.0,0.5086544452721813
1700,0,0.0,0.5532966658873831
1701,0,0.0,0.45850003141794854
1702,0,0.0,0.4986488456899895
1703,0,0.0,0.5238757023060326
1704,0,0.0,0.45271474247347143
1705,0,0.0,0.5349572216699778
1706,0,0.0,0.5252894093181291
1707,0,0.0,0.5422750111932759
1708,0,0.0,0.3546057460843168
1709,0,0.0,0.1330153705009793
1710,0,0.0,0.4566106361080505
1711,0,1.0,0.5342396538558267
1712,0,0.0,0.5672905972739883
1713,0,0.0,0.622051658309389
1714,0,0.0,0.5454969289651087
1715,0,0.0,0.6019002374472013
1716,0,0.0,0.5685488694876619
1717,0,0.0,0.5431680926926962
1718,0,0.0,0.5752807729108801
1719,0,0.0,0.5422037496024384
1720,0,0.0,0.5788498734893376
1721,0,0.0,0.5541776211903161
1722,0,0.0,0.598521640359249
1723,0,0.0,0.5340316119247485
1724,0,0.0,0.5553027329627088
1725,0,0.0,0.5908966473303833
1726,0,0.0,0.5351890683793766
1727,0,0.0,0.5214483891483523
1728,0,0.0,0.545860585721773
1729,0,0.0,0.5303756268124049
1730,0,0.0,0.5355777544996624
1731,0,0.0,0.540554322480058
1732,0,0.0,0.580842721921157
1733,0,0.0,0.5758498235423716
1734,0,0.0,0.5581481883694946
1735,0,0.0,0.5348557648372738
1736,0,0.0,0.4881830251501868
1737,0,0.0,0.5776182164028609
1738,0,0.0,0.540019864108004
1739,0,0.0,0.535408069114735
1740,0,0.0,0.5398907869480528
1741,0,0.0,0.5349895480769682
1742,0,0.0,0.5340394610840691
1743,0,0.0,0.5084870968652438
1744,0,0.0,0.5299737628144627
1745,0,0.0,0.5565804563249639
1746,0,0.0,0.5129182952927533
1747,0,0.0,0.488841124954989
1748,0,0.0,0.5081211076562896
1749,0,0.0,0.5096038597957312
1750,0,0.0,0.41155254422541504
1751,0,0.0,0.17326021754158624
1752,0,0.0,0.45191009617145383
1753,0,1.0,0.5165630282736988
1754,0,0.0,0.5895081698186038
1755,0,0.0,0.49389883394566647
1756,0,0.0,0.4615054971425641
1757,0,0.0,0.5074063729153296
1758,0,0.0,0.6002748536784676
1759,0,0.0,0.5632254938119274
1760,0,0.0,0.5565804563249639
1761,0,0.0,0.5306393286879216
1762,0,0.0,0.5108260083707293
1763,0,0.0,0.5055484569097821
1764,0,0.0,0.26776549210731426
1765,0,0.0,0.326125730106157
1766,0,0.0,0.101883531261062
1767,0,1.0,0.5412365148618287
1768,0,0.0,0.5547695912815422
1769,0,0.0,0.6033659576111506
1770,0,0.0,0.5679350001490202
1771,0,0.0,0.5858471968914101
1772,0,0.0,0.5988030355531114
1773,0,0.0,0.5988030355531114
1774,0,0.0,0.5412365148618287
1775,0,0.0,0.546506217043284
1776,0,0.0,0.5333594457928728
1777,0,0.0,0.4753403619972473
1778,0,0.0,0.5537980836875886
1779,0,0.0,0.5844748287667787
1780,0,0.0,0.5755660830517568
1781,0,0.0,0.5365278414925613
1782,0,0.0,0.5757284955433056
1783,0,0.0,0.5757689116593814
1784,0,0.0,0.5131793629128086
1785,0,0.0,0.5785376027413464
1786,0,0.0,0.5877322096286836
1787,0,0.0,0.4736100474348928
1788,0,0.0,0.5547273348103456
1789,0,0.0,0.524817790349721
1790,0,0.0,0.540949115230761
1791,0,0.0,0.5373621085008324
1792,0,0.0,0.5975847971787339
1793,0,0.0,0.5650591018354754
1794,0,0.0,0.5663545082799651
1795,0,0.0,0.5417247154249046
1796,0,0.0,0.5336743235872065
1797,0,0.0,0.5976328545684012
1798,0,0.0,0.47362255041791484
1799,0,0.0,0.07815737623967892
1800,0,0.0,0.3679428196899721
1801,0,1.0,0.5110293074763708
1802,0,0.0,0.5418464208678161
1803,0,0.0,0.4889993676344281
1804,0,0.0,0.5108319798172878
1805,0,0.0,0.5547005827226577
1806,0,0.0,0.5776603751821244
1807,0,0.0,0.5876940438220476
1808,0,0.0,0.5288434568444238
1809,0,0.0,0.5761003821832381
1810,0,0.0,0.568044086653454
1811,0,0.0,0.6131529430632691
1812,0,0.0,0.5590922483249272
1813,0,0.0,0.5659357084950843
1814,0,0.0,0.48490850431303634
1815,0,0.0,0.5544300827639798
1816,0,0.0,0.5242407604453108
1817,0,0.0,0.5070238871677978
1818,0,0.0,0.49138930898402183
1819,0,0.0,0.5549695225779966
1820,0,0.0,0.5075370098723448
1821,0,0.0,0.5426216764240087
1822,0,0.0,0.5409690771816041
1823,0,0.0,0.5318589764247985
1824,0,0.0,0.501050442549213
1825,0,0.0,0.5250894153615726
1826,0,0.0,0.5537113178811055
1827,0,0.0,0.5547273348103456
1828,0,0.0,0.4967882222406877
1829,0,0.0,0.5306393286879216
1830,0,0.0,0.15933922098616068
1831,0,0.0,0.3738171399494428
1832,0,0.0,0.5677702128820129
1833,0,1.0,0.5787322629354962
1834,0,0.0,0.4887576723896973
1835,0,0.0,0.5210697033598598
1836,0,0.0,0.542309521012435
1837,0,0.0,0.6190820624678595
1838,0,0.0,0.5876282540286868
1839,0,0.0,0.5734719380696478
1840,0,0.0,0.5297995261175923
1841,0,0.0,0.5510999908094016
1842,0,0.0,0.5655513109403675
1843,0,0.0,0.6108661971178658
1844,0,0.0,0.5528707622344424
1845,0,0.0,0.5806932653497892
1846,0,0.0,0.5622550223297285
1847,0,0.0,0.6025847846547492
1848,0,0.0,0.5844049890066426
1849,0,0.0,0.5321475856733354
1850,0,0.0,0.553319049510055
1851,0,0.0,0.5323839528814365
1852,0,0.0,0.5529400941556691
1853,0,0.0,0.4276434849064506
1854,0,0.0,0.1636434940207339
1855,0,0.0,0.5684760100539847
1856,0,1.0,0.576533618388738
1857,0,0.0,0.5745266694401419
1858,0,0.0,0.5428913835054137
1859,0,0.0,0.5645064447397966
1860,0,0.0,0.6109235309026426
1861,0,0.0,0.5775875157484472
1862,0,0.0,0.5868653854138675
1863,0,0.0,0.591893227625486
1864,0,0.0,0.5773920298399636
1865,0,0.0,0.6393032896064119
1866,0,0.0,0.6211862906976311
1867,0,0.0,0.6116602365481958
1868,0,0.0,0.5983397417380947
1869,0,0.0,0.6207875769127849
1870,0,0.0,0.6076613577117305
1871,0,0.0,0.6243802493568887
1872,0,0.0,0.49987597452051646
1873,0,0.0,0.5796138972074965
1874,0,0.0,0.6281683169312039
1875,0,0.0,0.5983397417380947
1876,0,0.0,0.5883048890197266
1877,0,0.0,0.5983397417380947
1878,0,0.0,0.6081246515267472
1879,0,0.0,0.6112865452397139
1880,0,0.0,0.6480990832139694
1881,0,0.0,0.6068864939925664
1882,0,0.0,0.5739415971072606
1883,0,0.0,0.5971436155626485
1884,0,0.0,0.5776603751821244
1885,0,0.0,0.598830173348006
1886,0,0.0,0.588308333367963
1887,0,0.0,0.5195898869028382
1888,0,0.0,0.5130522321453485
1889,0,0.0,0.5529400941556691
1890,0,0.0,0.5636420145040641
1891,0,0.0,0.587242212297308
1892,0,0.0,0.5408516332651904
1893,0,0.0,0.5545348234215639
1894,0,0.0,0.5622763980729819
1895,0,0.0,0.5064584331852512
1896,0,0.0,0.5783090231102341
1897,0,0.0,0.5101607283882711
1898,0,0.0,0.5768193504489206
1899,0,0.0,0.5318930941629594
1900,0,0.0,0.5959855547131643
1901,0,0.0,0.5763061073028334
1902,0,0.0,0.4989070443186049
1903,0,0.0,0.583863573358804
1904,0,0.0,0.5682646276816686
1905,0,0.0,0.5737010276858076
1906,0,0.0,0.5980254891036193
1907,0,0.0,0.5626559355757091
1908,0,0.0,0.5765334581597026
1909,0,0.0,0.4992684508831807
1910,0,0.0,0.5768779598623994
1911,0,0.0,0.5867758619041701
1912,0,0.0,0.6321095445792735
1913,0,0.0,0.2763399157186657
1914,0,0.0,0.14283347293320572
1915,0,0.0,0.4318250692482253
1916,0,1.0,0.5212684922140413
1917,0,0.0,0.6107625018478908
1918,0,0.0,0.5769967519747193
1919,0,0.0,0.5694260970468835
1920,0,0.0,0.5983657710906723
1921,0,0.0,0.5531069034390496
1922,0,0.0,0.5018598506098735
1923,0,0.0,0.5765134180120869
1924,0,0.0,0.5288175554766772
1925,0,0.0,0.5106642493370925
1926,0,0.0,0.4978966678849212
1927,0,0.0,0.5972757788894674
1928,0,0.0,0.5238757023060326
1929,0,0.0,0.5784617699112762
1930,0,0.0,0.5683397435614962
1931,0,0.0,0.4860465613431595
1932,0,0.0,0.5177288834176544
1933,0,0.0,0.5208501113142383
1934,0,0.0,0.579988045070698
1935,0,0.0,0.5931010211543702
1936,0,0.0,0.5651163507457841
1937,0,0.0,0.5983397417380947
1938,0,0.0,0.5542489311323459
1939,0,0.0,0.5074069591552961
1940,0,0.0,0.5523963917660691
1941,0,0.0,0.5877804636270606
1942,0,0.0,0.5891663228998826
1943,0,0.0,0.5991315463652366
1944,0,0.0,0.4764445536720223
1945,0,0.0,0.4953017579168579
1946,0,0.0,0.5237943693037757
1947,0,0.0,0.5785376027413464
1948,0,0.0,0.5856537302619492
1949,0,0.0,0.5471134938953617
1950,0,0.0,0.5644864224444321
1951,0,0.0,0.6312917168862964
1952,0,0.0,0.5738225073422002
1953,0,0.0,0.49113583144145523
1954,0,0.0,0.5297725891205912
1955,0,0.0,0.5394415269260616
1956,0,0.0,0.1511577376108424
1957,0,0.0,0.35786611398679335
1958,0,0.0,0.5537980836875886
1959,0,1.0,0.5768779598623994
1960,0,0.0,0.509169544231789
1961,0,0.0,0.6518452791052066
1962,0,0.0,0.6066492912231765
1963,0,0.0,0.5758498235423716
1964,0,0.0,0.572328493359239
1965,0,0.0,0.535408069114735
1966,0,0.0,0.5328229757852504
1967,0,0.0,0.6287784549985947
1968,0,0.0,0.605312932915589
1969,0,0.0,0.5416663483099216
1970,0,0.0,0.5529400941556691
1971,0,0.0,0.4903548521977424
1972,0,0.0,0.5303542722405871
1973,0,0.0,0.4954939129786525
1974,0,0.0,0.5428598167808062
1975,0,0.0,0.5461428108605785
1976,0,0.0,0.5252916298025606
1977,0,0.0,0.5588911141013894
1978,0,0.0,0.5532254042965457
1979,0,0.0,0.5126878045056041
1980,0,0.0,0.534040362322535
1981,0,0.0,0.6049423694232644
1982,0,0.0,0.3140843699931208
1983,0,0.0,0.1308338582879258
1984,0,0.0,0.5441324918201718
1985,0,1.0,0.553663551212752
1986,0,0.0,0.5430747757924334
1987,0,0.0,0.6321095445792735
1988,0,0.0,0.618280226944528
1989,0,0.0,0.6333752755753085
1990,0,0.0,0.6283650730563914
1991,0,0.0,0.6494047410790457
1992,0,0.0,0.6090320855440039
1993,0,0.0,0.6076260500730771
1994,0,0.0,0.6289123400830678
1995,0,0.0,0.5988892951290891
1996,0,0.0,0.5941096774231716
1997,0,0.0,0.5746719653014974
1998,0,0.0,0.5881474003311247
1999,0,0.0,0.5984794411980108
2000,0,0.0,0.5664768536165111
2001,0,0.0,0.5644114768053423
2002,0,0.0,0.5411712983938354
2003,0,0.0,0.5738223471131646
2004,0,0.0,0.5862177603837346
2005,0,0.0,0.6086593454065808
2006,0,0.0,0.6723981144265415
2007,0,0.0,0.5748916841001597
2008,0,0.0,0.6624565335180368
2009,0,0.0,0.6175581028836007
2010,0,0.0,0.5646899072835769
2011,0,0.0,0.5641918996112459
2012,0,0.0,0.16244158659824726
2013,0,0.0,0.27925847867080644
2014,0,1.0,0.5956286306915569
2015,0,0.0,0.6321095445792735
2016,0,0.0,0.5868530618281887
2017,0,0.0,0.5635707841925222
2018,0,0.0,0.5955908589962613
2019,0,0.0,0.5865764481121617
2020,0,0.0,0.6325167038950474
2021,0,0.0,0.6733555619682345
2022,0,0.0,0.6092574782056266
2023,0,0.0,0.6206344139694586
2024,0,0.0,0.5863709233270609
2025,0,0.0,0.5863709233270609
2026,0,0.0,0.6074057477808681
2027,0,0.0,0.5855302307142407
2028,0,0.0,0.6098401274148996
2029,0,0.0,0.6173697798997537
2030,0,0.0,0.5643083799797827
2031,0,0.0,0.5742795383301275
2032,0,0.0,0.5870825729605462
2033,0,0.0,0.5748177896598802
2034,0,0.0,0.5877527046142219
2035,0,0.0,0.5909179699778757
2036,0,0.0,0.5635707841925222
2037,0,0.0,0.6289123400830678
2038,0,0.0,0.5651163507457841
2039,0,0.0,0.5533349501016073
2040,0,0.0,0.6292271727477776
2041,0,0.0,0.5538693452784261
2042,0,0.0,0.5761387624427996
2043,0,0.0,0.5900593441381699
2044,0,0.0,0.5296728418348987
2045,0,0.0,0.6288567465341206
2046,0,0.0,0.6174828200022896
2047,0,0.0,0.7090672214168072
2048,0,0.0,0.585305520742344
2049,0,0.0,0.6076613577117305
2050,0,0.0,0.6430891286440066
2051,0,0.0,0.5803202203132577
2052,0,0.0,0.5230696776280933
2053,0,0.0,0.5203585665815555
2054,0,0.0,0.5977396548528255
2055,0,0.0,0.6072666619948277
2056,0,0.0,0.5441324918201718
2057,0,0.0,0.6068027860314695
2058,0,0.0,0.5538693452784261
2059,0,0.0,0.5212684922140413
2060,0,0.0,0.5746283789240585
2061,0,0.0,0.5622889120044878
2062,0,0.0,0.6339668525269891
2063,0,0.0,0.5459131783413882
2064,0,0.0,0.5870895366142677
2065,0,0.0,0.5542489311323459
2066,0,0.0,0.6422353063794841
2067,0,0.0,0.5649329916814773
2068,0,0.0,0.5177504469436303
2069,0,0.0,0.535408069114735
2070,0,0.0,0.6416516171506019
2071,0,0.0,0.6087492974007878
2072,0,0.0,0.5693821872972896
2073,0,0.0,0.5626559355757091
2074,0,0.0,0.4735867055317234
2075,0,0.0,0.40880050446658805
2076,0,0.0,0.4196367251332456
2077,0,0.0,0.49964326412582777
2078,0,0.0,0.3946221898907327
2079,0,0.0,0.46711224125738676
2080,0,0.0,0.36029628326854307
2081,0,0.0,0.52806125931943
2082,0,0.0,0.49987873462628707
2083,0,0.0,0.4855205011861461
2084,0,0.0,0.45650274235749616
2085,0,0.0,0.3854750848713801
2086,0,0.0,0.49370117140758457
2087,0,0.0,0.4408122198898997
2088,0,0.0,0.46878448113847687
2089,0,0.0,0.45177590959521735
2090,0,0.0,0.5824361573318888
2091,0,0.0,0.495390065762562
2092,0,0.0,0.511325318753651
2093,0,0.0,0.7065863373574269
2094,1,0.0,0.8468444449279993
2095,0,1.0,0.8746324528226533
2096,0,0.0,0.9950377707141392
2097,0,0.0,0.8983033049266516
2098,0,0.0,0.7429230299545886
2099,0,0.0,0.584586193767342
2100,0,0.0,0.5882084817276808
2101,0,0.0,0.5548035862466053
2102,0,0.0,0.5881292507766364
2103,0,0.0,0.5666518172666756
2104,0,0.0,0.41312924911034804
2105,0,0.0,0.17976221016152805
2106,0,0.0,0.3901115004713776
2107,0,0.0,0.42490085141463607
2108,0,0.0,0.5036011357321689
2109,0,0.0,0.5158428565375789
2110,0,0.0,0.33573058460990396
2111,0,0.0,0.36001091795401546
2112,0,0.0,0.3917410131741966
2113,0,0.0,0.4076516367010162
2114,0,0.0,0.5284436730850337
2115,0,0.0,0.4146381057794577
2116,0,0.0,0.3601792668203936
2117,0,0.0,0.400907249673155
2118,0,0.0,0.5311620155781269
2119,0,0.0,0.4427393831785535
2120,0,0.0,0.4064413091328496
2121,0,0.0,0.37613058762455026
2122,0,0.0,0.4393823910953048
2123,0,0.0,0.4729002227887027
2124,0,0.0,0.46523014044774774
2125,0,0.0,0.3362964640929844
2126,0,0.0,0.1498631747090579
2127,0,0.0,0.3748696162835151
2128,0,1.0,0.4366397754299369
2129,0,0.0,0.38953879255566615
2130,0,0.0,0.38067710465508175
2131,0,0.0,0.5036011357321689
2132,0,0.0,0.48642661503460005
2133,0,0.0,0.4507568263634119
2134,0,0.0,0.43962512437697376
2135,0,0.0,0.4153068759377696
2136,0,0.0,0.4866708081315501
2137,0,0.0,0.46507677535049724
2138,0,0.0,0.46456588206194965
2139,0,0.0,0.4721992544931024
2140,0,0.0,0.43255258418419223
2141,0,0.0,0.49093063019187244
2142,0,0.0,0.4465227691616963
2143,0,0.0,0.4121509686238119
2144,0,0.0,0.43939732453697167
2145,0,0.0,0.4625784427794002
2146,0,0.0,0.5676369594098347
2147,0,0.0,0.36492042987870404
2148,0,0.0,0.41454937825550864
2149,0,0.0,0.38288500886934695
2150,0,0.0,0.37602937912789985
2151,0,0.0,0.4050070116540225
2152,0,0.0,0.3655451928236071
2153,0,0.0,0.4412159511544776
2154,0,1.0,0.5151802975093936
2155,0,0.0,0.4734496851094704
2156,0,0.0,0.4405829842846477
2157,0,0.0,0.46564899116608455
2158,0,0.0,0.40808571805966504
2159,0,0.0,0.46561738137083153
2160,0,0.0,0.41707214236716766
2161,0,0.0,0.4093782984850878
2162,0,0.0,0.32876998764222554
2163,0,0.0,0.47274150552790634
2164,0,0.0,0.44027227370545696
2165,0,0.0,0.3972475966012287
2166,0,0.0,0.43165332164538894
2167,0,0.0,0.3036752697336095
2168,0,0.0,0.22035610290078328
2169,0,0.0,0.4393823910953048
2170,0,1.0,0.34112730236934197
2171,0,0.0,0.4078103193340739
2172,0,0.0,0.44155376804823643
2173,0,0.0,0.4490299318503197
2174,0,0.0,0.3589131039840235
2175,0,0.0,0.35868213497291174
2176,0,0.0,0.34747865726412286
2177,0,0.0,0.40836999827705484
2178,0,0.0,0.30525203888899616
2179,0,0.0,0.40637698558186436
2180,0,0.0,0.4093782984850878
2181,0,0.0,0.38877103802448665
2182,0,0.0,0.3774927694894284
2183,0,0.0,0.31592280934489675
2184,0,0.0,0.18686358314971113
2185,0,0.0,0.21772746345222604
2186,0,0.0,0.34718283658407595
2187,0,0.0,0.4108116322372974
2188,0,0.0,0.4413189989714555
2189,0,0.0,0.38726031395265703
2190,0,0.0,0.36586853753272086
2191,0,0.0,0.3535119238900648
2192,0,0.0,0.35311002754144133
2193,0,0.0,0.36803384523318444
2194,0,0.0,0.3196622628096136
2195,0,0.0,0.2951069038044336
2196,0,0.0,0.363176753212023
2197,0,0.0,0.29246966846251443
2198,0,0.0,0.30633249630264225
2199,0,0.0,0.3174154264883675
2200,0,0.0,0.3264158352675758
2201,0,0.0,0.2965460340803197
2202,0,0.0,0.2744876975396431
2203,0,0.0,0.40000831241827106
2204,0,0.0,0.4083016957565781
2205,0,0.0,0.19372346298789572
2206,0,0.0,0.21935804886742466
2207,0,0.0,0.4894503642502597
2208,0,0.0,0.42789666221212674
2209,0,0.0,0.3504056865070555
2210,0,0.0,0.4162704101835446
2211,0,0.0,0.4608769478495797
2212,0,0.0,0.49515487533934494
2213,0,0.0,0.5084447582558586
2214,0,0.0,0.48454702178758
2215,0,0.0,0.45604757721849815
2216,0,0.0,0.4641153979700625
2217,0,0.0,0.5113443081566296
2218,0,0.0,0.5046463586026342
2219,0,0.0,0.427507549454549
2220,0,0.0,0.4858109964789691
2221,0,0.0,0.5324882347318551
2222,0,0.0,0.46335859219750164
2223,0,0.0,0.4886207446617714
2224,0,0.0,0.5331774451332809
2225,0,0.0,0.48658053687511565
2226,0,0.0,0.4053301093717844
2227,0,0.0,0.47348100363238266
2228,0,0.0,0.47886563940414945
2229,0,0.0,0.47793358692225063
2230,0,0.0,0.477371102142945
2231,0,0.0,0.4414347954636942
2232,0,0.0,0.40012188828536116
2233,0,0.0,0.30525203888899616
2234,0,0.0,0.0
2235,0,0.0,0.07689194003666738
2236,0,1.0,0.2621692913034926
2237,0,0.0,0.3089920189873701
2238,0,0.0,0.38600167904959387
2239,0,0.0,0.34082295402036666
2240,0,0.0,0.4626971705633495
2241,0,0.0,0.452296234818773
2242,0,0.0,0.4605177612146233
2243,0,0.0,0.3430365955791354
2244,0,0.0,0.45062469264289573
2245,0,0.0,0.33777679306007213
2246,0,0.0,0.38425486312172413
2247,0,0.0,0.37521640594968575
2248,0,0.0,0.28433846741377566
2249,0,0.0,0.34807575410433683
2250,0,1.0,0.3216983347407473
2251,0,0.0,0.3654820354697335
2252,0,0.0,0.36398209162188494
2253,0,0.0,0.30406261438430143
2254,0,0.0,0.4570388316018713
2255,0,0.0,0.3855743480974845
2256,0,0.0,0.3303376800891683
2257,0,0.0,0.32780554189314787
2258,0,0.0,0.3526001831454771
2259,0,0.0,0.33718904304837494
2260,0,0.0,0.33679702976000986
2261,0,0.0,0.3184023521130718
2262,0,0.0,0.36641520105510017
2263,0,0.0,0.3363949409700729
2264,0,0.0,0.3446139968447035
2265,0,0.0,0.38504586587123835
2266,0,0.0,0.3784090662275593
2267,0,0.0,0.31126668766408633
2268,0,0.0,0.1909057584434054
2269,0,0.0,0.15806023535974498
2270,0,0.0,0.3279990806946764
2271,0,0.0,0.36178298643654416
2272,0,0.0,0.4184640251502367
2273,0,0.0,0.3562808929349005
2274,0,0.0,0.39770611472818285
2275,0,0.0,0.4175570706699734
2276,0,0.0,0.22259907448808894
2277,0,0.0,0.40302414013182186
2278,0,0.0,0.3614314357811086
2279,0,0.0,0.26061590037088006
2280,0,0.0,0.40926027117945124
2281,0,0.0,0.27398422503744124
2282,0,0.0,0.27398422503744124
2283,0,0.0,0.39282998657250734
2284,0,0.0,0.37381142900564396
2285,0,0.0,0.40415283526111984
2286,0,0.0,0.3247437602006376
2287,0,0.0,0.41930917341767776
2288,0,0.0,0.3917410131741966
2289,0,0.0,0.4025273590221996
2290,0,0.0,0.3946926975093963
2291,0,0.0,0.32539146180467904
2292,0,0.0,0.15631069272932996
2293,0,0.0,0.20736727836925845
2294,0,0.0,0.2218240546730231
2295,0,0.0,0.4036825375717897
2296,0,0.0,0.3691729060131931
2297,0,0.0,0.29482667226403664
2298,0,0.0,0.353803220185897
2299,0,0.0,0.4064021442888968
2300,0,0.0,0.39471546437211447
2301,0,0.0,0.4511698731146454
2302,0,0.0,0.4595710659310275
2303,0,0.0,0.45811059870211035
2304,0,0.0,0.4596147555643847
2305,0,0.0,0.4409896760141776
2306,0,0.0,0.4292930470885008
2307,0,0.0,0.43301288469762556
2308,0,0.0,0.4405593144981967
2309,0,0.0,0.35462895867178884
2310,0,0.0,0.3446139968447035
2311,0,0.0,0.4302546275370704
2312,0,0.0,0.49660319149177823
2313,0,0.0,0.4172175587254039
2314,0,0.0,0.30758555804962523
2315,0,0.0,0.3440541145969313
2316,0,0.0,0.48142283254629276
2317,0,0.0,0.4268826341046769
2318,0,1.0,0.462255210486659
2319,0,0.0,0.4841730368094848
2320,0,0.0,0.5211970444100504
2321,0,0.0,0.5496554906217488
2322,0,0.0,0.5849182242950531
2323,0,0.0,0.5529697646615483
2324,0,0.0,0.5735847712133249
2325,0,0.0,0.5062013891218871
2326,0,0.0,0.5415177627817411
2327,0,0.0,0.5401785179686156
2328,0,0.0,0.6239186101325997
2329,0,0.0,0.6417062016880387
2330,0,0.0,0.5856907887717246
2331,0,0.0,0.5651573700608188
2332,0,0.0,0.429152632172835
2333,0,0.0,0.49303750015162345
2334,0,0.0,0.49662997687895744
2335,0,0.0,0.49503042098743816
2336,0,0.0,0.5721965853647035
2337,0,0.0,0.5950869870737611
2338,0,0.0,0.655630385906727
2339,0,0.0,0.5494804248536553
2340,0,1.0,0.3925652985726447
2341,0,0.0,0.44575889427345916
2342,0,0.0,0.4599862562749341
2343,0,0.0,0.4864126726182297
2344,0,0.0,0.4876234559793138
2345,0,0.0,0.5084201160511381
2346,0,0.0,0.5497226750545606
2347,0,0.0,0.5965707639810262
2348,0,0.0,0.5481345011381201
2349,0,0.0,0.5191975226952008
2350,0,0.0,0.4834317165870116
2351,0,0.0,0.4875360928378829
2352,0,0.0,0.5418089684046059
2353,0,0.0,0.5550868162327474
2354,0,0.0,0.49815618824256847
2355,0,0.0,0.5197726331072553
2356,0,0.0,0.5438539545232599
2357,0,0.0,0.5367426027960387
2358,0,0.0,0.5189317580722536
2359,0,0.0,0.5107998218913717
2360,0,0.0,0.5107998218913717
2361,0,0.0,0.5200860867017152
2362,0,0.0,0.5518522672466938
2363,0,0.0,0.5083390431148425
2364,0,0.0,0.3081467782353779
2365,0,0.0,0.3403380507951538
2366,0,0.0,0.4022454841151351
2367,0,0.0,0.3929009637301833
2368,0,1.0,0.4458646862292347
2369,0,0.0,0.6678870700620193
2370,0,0.0,0.5626588461754166
2371,0,0.0,0.605541483107206
2372,0,0.0,0.48854871345133016
2373,0,0.0,0.4916941780339696
2374,0,0.0,0.47919869649805924
2375,0,0.0,0.5429990840258646
2376,0,0.0,0.71278633761456
2377,1,0.0,0.800508774214765
2378,0,0.0,0.8014709947707052
2379,0,0.0,0.7067958631949469
2380,0,0.0,0.666835891323722
2381,0,0.0,0.516824677686419
2382,0,0.0,0.509289808190818
2383,0,0.0,0.4008146250738128
2384,0,0.0,0.21840217542804066
2385,0,0.0,0.5535346349887358
2386,0,0.0,0.5932223048603755
2387,0,0.0,0.6652458849180561
2388,0,0.0,0.6604954808093314
2389,0,0.0,0.7125384478503011
2390,0,0.0,0.6268562077911644
2391,0,0.0,0.6416768498115872
2392,0,0.0,0.6000391299461275
2393,1,0.0,0.7504006728597157
2394,0,0.0,0.6542968597782756
2395,0,0.0,0.6187164301823124
2396,0,0.0,0.6453457071648655
2397,0,0.0,0.5752499700867941
2398,0,0.0,0.39439211966300053
2399,0,0.0,0.13059790739149715
2400,0,0.0,0.4286882564696938
2401,0,1.0,0.5762223954553443
2402,0,0.0,0.5965253533990612
2403,0,0.0,0.5646097597803543
2404,0,0.0,0.5124780824286899
2405,0,0.0,0.59720419108891
2406,0,0.0,0.5982599279546599
2407,0,0.0,0.5142308829858439
2408,0,0.0,0.576032239302779
2409,0,0.0,0.5405101406845213
2410,0,0.0,0.6420340086544095
2411,0,0.0,0.44659140876390097
2412,0,0.0,0.47536292667885127
2413,0,0.0,0.5080261442077378
2414,0,0.0,0.4752016968919928
2415,0,0.0,0.5730973435808926
2416,0,0.0,0.5044522899735057
2417,0,0.0,0.5002444512256282
2418,0,0.0,0.5820976659953052
2419,0,0.0,0.5318993518290542
2420,0,0.0,0.377463769368315
2421,0,0.0,0.3778419387040033
2422,0,0.0,0.17065992247879957
2423,0,0.0,0.21906799290056692
2424,0,1.0,0.3059227811973916
2425,0,0.0,0.3859139935788253
2426,0,0.0,0.38029065977430687
2427,0,0.0,0.40060895642673144
2428,0,0.0,0.5518822563324477
2429,0,0.0,0.4759015356919262
2430,0,0.0,0.41492370831092906
2431,0,0.0,0.3318805249074431
2432,0,0.0,0.34072429798577797
2433,0,0.0,0.45203124475354306
2434,0,0.0,0.4407089139464737
2435,0,0.0,0.361604325501602
2436,0,0.0,0.2830973421349884
2437,0,0.0,0.32016934859642365
2438,0,0.0,0.3656407954719872
2439,0,0.0,0.3950092204799298
2440,0,0.0,0.40589057069358314
2441,0,0.0,0.4241728395898076
2442,0,0.0,0.47801942399638914
2443,0,0.0,0.34776601316876776
2444,0,0.0,0.41796545520640827
2445,0,0.0,0.4784081533842033
2446,0,0.0,0.378517538905874
2447,0,0.0,0.42549860104167314
2448,0,0.0,0.44358581242999784
2449,0,0.0,0.39649571464363553
2450,0,0.0,0.4427393831785535
2451,0,0.0,0.37804065184646946
2452,0,0.0,0.39966806711145614
2453,0,0.0,0.3853611595738375
2454,0,0.0,0.37312451757323983
2455,0,0.0,0.3572681622177964
2456,0,0.0,0.383055892322553
2457,0,0.0,0.3893017080169853
2458,0,0.0,0.48545767476546714
2459,0,0.0,0.42215335099733364
2460,0,0.0,0.45576735627037446
2461,0,0.0,0.43283012751280153
2462,0,0.0,0.45648642286904845
2463,0,0.0,0.4231587560848037
2464,0,0.0,0.4350007723916029
2465,0,0.0,0.4335196369216502
2466,0,0.0,0.3245389935453562
2467,0,0.0,0.30393990260202847
2468,0,0.0,0.6420441351722546
2469,0,0.0,0.7198164683437243
2470,0,1.0,0.6331838310636512
2471,0,0.0,0.5989353688732758
2472,0,0.0,0.5209894596132814
2473,0,0.0,0.5085263239020757
2474,0,0.0,0.5274894094793817
2475,0,0.0,0.4662655255813642
2476,0,0.0,0.5081770760920644
2477,0,0.0,0.4582658410869715
2478,0,0.0,0.49942131996312256
2479,0,0.0,0.442502481087185
2480,0,0.0,0.47169511387701024
2481,0,0.0,0.4329435265483751
2482,0,0.0,0.5926758484392531
2483,1,0.0,0.7815540735709673
2484,0,0.0,0.8137308829520259
2485,0,1.0,0.33873263420124133
2486,0,0.0,0.5036583667019223
2487,0,0.0,0.5279989865088861
2488,0,0.0,0.4369400779186618
2489,0,0.0,0.410338725230555
2490,0,0.0,0.4096966209827718
2491,0,0.0,0.49920500458087436
2492,0,0.0,0.39556682314307595
2493,0,0.0,0.4457720469157443
2494,0,0.0,0.4665991830550002
2495,0,0.0,0.5402512030491681
2496,0,0.0,0.45352104698243506
2497,0,0.0,0.5435664350647252
2498,0,0.0,0.45692706141138584
2499,0,0.0,0.45885329659679247
2500,0,0.0,0.4669478219810352
2501,0,0.0,0.49924483306137185
2502,0,0.0,0.5430132619104396
2503,0,0.0,0.5491266090723796
2504,0,0.0,0.4777690984336442
2505,0,0.0,0.4456060685166526
2506,0,0.0,0.45925834302211405
2507,0,0.0,0.35584998667976214
2508,0,0.0,0.37905136769088815
2509,0,0.0,0.4361453003350311
2510,0,0.0,0.4455743350980727
2511,0,1.0,0.49084854763654184
2512,0,0.0,0.4890245971187073
2513,0,0.0,0.5646075539030557
2514,0,0.0,0.27530321198672825
2515,0,0.0,0.18720070049870413
2516,0,0.0,0.26391846104744254
2517,0,0.0,0.36245286321825554
2518,0,0.0,0.37250610995924816
2519,0,0.0,0.3275230720997491
2520,0,0.0,0.5001080188439022
2521,0,0.0,0.49981527572013884
2522,0,0.0,0.46404139021688084
2523,0,0.0,0.5546379035925154
2524,0,0.0,0.5188355443196256
2525,0,0.0,0.507947890395438
2526,0,0.0,0.2852419307453926
2527,0,0.0,0.5633632747643966
2528,0,0.0,0.7011888745511647
2529,0,0.0,0.6353058292809436
2530,0,0.0,0.4840497098541244
2531,0,0.0,0.5396623915764943
2532,0,0.0,0.4972699698823297
2533,0,0.0,0.5092160587886584
2534,0,0.0,0.4974346523592112
2535,0,0.0,0.5252934611444814
2536,0,0.0,0.487050341993612
2537,0,0.0,0.541157096681798
2538,0,0.0,0.35376768825470994
2539,0,0.0,0.09425407292839767
2540,0,0.0,0.16842069722909048
2541,0,1.0,0.26920830852442107
2542,0,0.0,0.38741219915830466
2543,0,0.0,0.39160132704081774
2544,0,0.0,0.3959006597919075
2545,0,0.0,0.4539899609097643
2546,0,0.0,0.4646999906589189
2547,0,0.0,0.4523547373643379
2548,0,0.0,0.4856064153795117
2549,0,0.0,0.4971275093547924
2550,0,0.0,0.43629724876453857
2551,0,0.0,0.4234216355320592
2552,0,0.0,0.44069243307564776
2553,0,0.0,0.40454908185113425
2554,0,0.0,0.4127733048038507
2555,0,0.0,0.4218943221220235
2556,0,0.0,0.36929248033797596
2557,0,0.0,0.45115986748734865
2558,0,0.0,0.28627598312143904
2559,0,0.0,0.45208583756980747
2560,0,0.0,0.4395238521745395
2561,0,0.0,0.47143031466870033
2562,0,0.0,0.41989777688069446
2563,0,0.0,0.4473068558911911
2564,0,0.0,0.4002312549816447
2565,0,0.0,0.40000831241827106
2566,0,0.0,0.3854764487978245
2567,0,0.0,0.44634378974385985
2568,0,0.0,0.4612606011704729
2569,0,0.0,0.2710973850898816
2570,0,0.0,0.5400498667110428
2571,0,0.0,0.6409990585726082
2572,0,1.0,0.5191796957221663
2573,0,0.0,0.6489772253826259
2574,0,0.0,0.5269681072481462
2575,0,0.0,0.5189273437719434
2576,0,0.0,0.48518640165148785
2577,0,0.0,0.3863767121042885
2578,0,0.0,0.40817464927998015
2579,0,0.0,0.3721504239461512
2580,0,0.0,0.42901691096919925
2581,0,0.0,0.35219069701844236
2582,0,0.0,0.380381307932225
2583,0,0.0,0.32962059635319907
2584,0,0.0,0.35234578664051813
2585,0,0.0,0.28749274397659685
2586,0,0.0,0.3387957267909765
2587,0,0.0,0.406434728490783
2588,0,0.0,0.37820710820787434
2589,0,0.0,0.36321526007472105
2590,0,0.0,0.3424204871756251
2591,0,0.0,0.2614459210354031
2592,0,0.0,0.0034089455618500205
2593,0,0.0,0.3114690226182339
2594,0,0.0,0.48393930424619014
2595,0,0.0,0.5183781136357867
2596,0,0.0,0.6140710017927957
2597,0,0.0,0.44890928220907306
2598,0,0.0,0.48267683137498646
2599,0,0.0,0.5039191166359974
2600,0,0.0,0.4625532750210861
2601,0,0.0,0.4736148103620279
2602,0,0.0,0.3959020472719301
2603,0,0.0,0.5166425072965138
2604,0,0.0,0.4952906536912177
2605,0,0.0,0.4612385661796149
2606,0,0.0,0.5058880732265328
2607,0,0.0,0.5500305095308832
2608,0,0.0,0.4831602442487058
2609,0,0.0,0.41660493349153627
2610,0,0.0,0.47973218502522896
2611,0,0.0,0.5308273346150931
2612,0,0.0,0.49428297029405627
2613,0,0.0,0.3285861765491212
2614,0,0.0,0.1668131943535535
2615,0,0.0,0.32861179265597307
2616,0,1.0,0.3150081298696404
2617,0,0.0,0.4141774647615836
2618,0,0.0,0.4357662315268062
2619,0,0.0,0.48275570824812575
2620,0,0.0,0.506020795678538
2621,0,0.0,0.5377005043806188
2622,0,0.0,0.5510965681990022
2623,0,0.0,0.46033602335654883
2624,0,0.0,0.3740494434186059
2625,0,0.0,0.44140420170826455
2626,0,0.0,0.43704336443218245
2627,0,0.0,0.43761389427472086
2628,0,0.0,0.4479432210631298
2629,0,0.0,0.515019602914392
2630,0,0.0,0.5638552946130814
2631,0,0.0,0.5622721065756148
2632,0,1.0,0.5299542196128255
2633,0,0.0,0.5657983286604539
2634,0,0.0,0.27507931493643495
2635,0,0.0,0.18872846511592759
2636,0,0.0,0.06397185048900476
2637,0,0.0,0.4305505952639359
2638,0,0.0,0.5496471489341596
2639,0,0.0,0.583716244384358
2640,0,0.0,0.603141228351819
2641,0,0.0,0.6047659882060371
2642,0,0.0,0.6687410842590645
2643,0,0.0,0.6606530921493033
2644,0,0.0,0.5963399206179173
2645,0,0.0,0.5950026787602516
2646,0,0.0,0.6154415933661722
2647,0,0.0,0.583630331307087
2648,0,0.0,0.510072220303753
2649,0,0.0,0.5404857909067811
2650,0,0.0,0.5612004759751137
2651,0,0.0,0.5303905331496257
2652,0,0.0,0.539766303497951
2653,0,0.0,0.5526715967229551
2654,0,0.0,0.5395629572970325
2655,0,0.0,0.5621754444811762
2656,0,0.0,0.6764548273621886
2657,0,0.0,0.33314375200788493
2658,0,0.0,0.249790694576367
2659,0,0.0,0.49328145591183614
2660,0,0.0,0.5096658164469822
2661,0,1.0,0.5516616007327407
2662,0,0.0,0.5298239149342915
2663,0,0.0,0.5512822606318774
2664,0,0.0,0.6081673469156743
2665,0,0.0,0.6415422518589564
2666,0,0.0,0.5640461530304424
2667,0,0.0,0.4740961790484841
2668,0,0.0,0.5272797545576087
2669,0,0.0,0.6152566337831108
2670,0,0.0,0.4758643664365771
2671,0,0.0,0.5188409293230143
2672,0,0.0,0.5086065930262404
2673,0,0.0,0.4971413720388617
2674,0,0.0,0.5167020664492363
2675,0,0.0,0.42919712029339047
2676,0,0.0,0.39209748174935394
2677,0,0.0,0.1594538896953348
2678,0,0.0,0.39614845978143437
2679,0,1.0,0.4527113392535604
2680,0,0.0,0.44004299778780714
2681,0,0.0,0.48632981802757763
2682,0,0.0,0.5340615482927599
2683,0,0.0,0.5904933564330976
2684,0,0.0,0.5446645932322127
2685,0,0.0,0.5097892831678782
2686,0,0.0,0.5649328787482502
2687,0,0.0,0.498771130846956
2688,0,0.0,0.4840453110490224
2689,0,0.0,0.5418089684046059
2690,0,0.0,0.5278850988538609
2691,0,0.0,0.47642127550367286
2692,0,0.0,0.45352104698243506
2693,0,0.0,0.47336010658328176
2694,0,0.0,0.5614089639929394
2695,0,0.0,0.4819947841370024
2696,0,0.0,0.46017025439636505
2697,0,0.0,0.44139450645121897
2698,0,0.0,0.40882393454046717
2699,0,0.0,0.44243552976615763
2700,0,0.0,0.4886150858076969
2701,0,0.0,0.45433530296831126
2702,0,0.0,0.44173872241241263
2703,0,0.0,0.5218634419304807
2704,0,0.0,0.48700498108094475
2705,0,0.0,0.5520203501379984
2706,0,0.0,0.4558619480532566
2707,0,0.0,0.4481015805296299
2708,0,0.0,0.4752735639665897
2709,0,0.0,0.29385053335595895
2710,0,0.0,0.4469367998503248
2711,0,0.0,0.3490851053224138
2712,0,0.0,0.14692193157165723
2713,0,1.0,0.2875221520452306
2714,0,0.0,0.48237648420309764
2715,0,0.0,0.2793875566302612
2716,0,0.0,0.43617429813481656
2717,0,0.0,0.6085434388632361
2718,0,0.0,0.5644507830934974
2719,0,0.0,0.4973049874301857
2720,0,0.0,0.4640389522809913
2721,0,0.0,0.46439536482326194
2722,0,0.0,0.5060597701685842
2723,0,0.0,0.4925110823151554
2724,0,0.0,0.4063213829124632
2725,0,0.0,0.3594150369332564
2726,0,0.0,0.34258789744635065
2727,0,0.0,0.37478822009446383
2728,0,0.0,0.3963823835771386
2729,0,1.0,0.396042871632569
2730,0,0.0,0.3668285644607937
2731,0,0.0,0.4321508943442936
2732,0,0.0,0.4195703946370186
2733,0,0.0,0.41438701674678197
2734,0,0.0,0.3525875944642377
2735,0,0.0,0.3572850553484837
2736,0,0.0,0.39855774137450495
2737,0,0.0,0.1831586848866642
2738,0,0.0,0.1795296089889339
2739,0,1.0,0.3318051886159524
2740,0,0.0,0.29291228249755724
2741,0,0.0,0.39806811645786994
2742,0,0.0,0.4361432047797567
2743,0,0.0,0.490439894460472
2744,0,0.0,0.5006159257390917
2745,0,0.0,0.44846917359724653
2746,0,0.0,0.483745316581587
2747,0,0.0,0.4615054971425641
2748,0,0.0,0.41825760950340124
2749,0,0.0,0.45184708735072443
2750,0,0.0,0.5096024424598207
2751,0,0.0,0.483745316581587
2752,0,0.0,0.5395408299304703
2753,0,0.0,0.11657088366224505
2754,0,0.0,0.35414586737116355
2755,0,1.0,0.4633592463274
2756,0,0.0,0.5166033098410879
2757,0,0.0,0.553319049510055
2758,0,0.0,0.5399105653774706
2759,0,0.0,0.5506079384635174
2760,0,0.0,0.5334239202599914
2761,0,0.0,0.5339258832149828
2762,0,0.0,0.5869218919467993
2763,0,0.0,0.55706509291823
2764,0,0.0,0.591893227625486
2765,0,0.0,0.5512808822558904
2766,0,0.0,0.5540561552334922
2767,0,0.0,0.5547005827226577
2768,0,0.0,0.5562493593223948
2769,0,0.0,0.5976604309643412
2770,0,0.0,0.5617973638954481
2771,0,0.0,0.5531268955834553
2772,0,0.0,0.5614312917404579
2773,0,0.0,0.5645660549774129
2774,0,0.0,0.5353367591727051
2775,0,0.0,0.5632245974485468
2776,0,0.0,0.4623089279069852
2777,0,0.0,0.488841124954989
2778,0,0.0,0.4954309447935778
2779,0,0.0,0.47938723504438985
2780,0,0.0,0.5092144288088841
2781,0,0.0,0.4979494490223246
2782,0,0.0,0.4877109231548606
2783,0,0.0,0.34053220593427913
2784,0,0.0,0.15786308021398066
2785,0,0.0,0.39958272213680324
2786,0,1.0,0.5061989092285093
2787,0,0.0,0.48042335354025173
2788,0,0.0,0.4642803340436888
2789,0,0.0,0.48281688746456713
2790,0,0.0,0.5278737600734914
2791,0,0.0,0.4734816224618528
2792,0,0.0,0.5163140527982998
2793,0,0.0,0.5060018505465649
2794,0,0.0,0.4672924527888997
2795,0,0.0,0.5241372694724356
2796,0,0.0,0.4944805170656623
2797,0,0.0,0.49020658031869824
2798,0,0.0,0.5520500778023005
2799,0,0.0,0.48478143507744886
2800,0,0.0,0.4647062797882124
2801,0,0.0,0.31930330846086336
2802,0,0.0,0.24405603987343377
2803,0,0.0,0.5291790270128777
2804,0,1.0,0.5673347460593778
2805,0,0.0,0.5384709462473981
2806,0,0.0,0.5516850631422829
2807,0,0.0,0.5735374162208683
2808,0,0.0,0.5626559355757091
2809,0,0.0,0.5560301605565929
2810,0,0.0,0.5320762757313054
2811,0,0.0,0.5890154544928313
2812,0,0.0,0.5611905803569951
2813,0,0.0,0.5761387624427996
2814,0,0.0,0.553319049510055
2815,0,0.0,0.5849966626821126
2816,0,0.0,0.5989797053535992
2817,0,0.0,0.5654632827218676
2818,0,0.0,0.5443691625459673
2819,0,0.0,0.5645660549774129
2820,0,0.0,0.6175134904641524
2821,0,0.0,0.5636293992345515
2822,0,0.0,0.5776603751821244
2823,0,0.0,0.115697186372319
2824,0,0.0,0.3899042394329938
2825,0,0.0,0.5538589772939547
2826,0,1.0,0.553319049510055
2827,0,0.0,0.5751253330884473
2828,0,0.0,0.5881467938594817
2829,0,0.0,0.5777516190598677
2830,0,0.0,0.6275987265394274
2831,0,0.0,0.5863119859408119
2832,0,0.0,0.5881245090891297
2833,0,0.0,0.5950891311016481
2834,0,0.0,0.26652954597437833
2835,0,0.0,0.39140232963673843
2836,0,0.0,0.6060285044606469
2837,0,1.0,0.5415923102012993
2838,0,0.0,0.5674643478918329
2839,0,0.0,0.5791322517476147
2840,0,0.0,0.5794111844348261
2841,0,0.0,0.5429577563764646
2842,0,0.0,0.5583029076786952
2843,0,0.0,0.5317679998194156
2844,0,0.0,0.4669206063734187
2845,0,0.0,0.5751022070883987
2846,0,0.0,0.5788659507976687
2847,0,0.0,0.5353400035172674
2848,0,0.0,0.5122299483892587
2849,0,0.0,0.5761387624427996
2850,0,0.0,0.5875658970015172
2851,0,0.0,0.5471480746524168
2852,0,0.0,0.6447582029985192
2853,0,0.0,0.5686468195416224
2854,0,0.0,0.5654632827218676
2855,0,0.0,0.5993982470188581
2856,0,0.0,0.589322744351666
2857,0,0.0,0.5869405616149334
2858,0,0.0,0.6449755312112151
2859,0,0.0,0.56902062279153
2860,0,0.0,0.5763061073028334
2861,0,0.0,0.5681928825748449
2862,0,0.0,0.5775152335241888
2863,0,0.0,0.6090201641207041
2864,0,0.0,0.5542964018362653
2865,0,0.0,0.5617408761253664
2866,0,0.0,0.29286870769676404
2867,0,0.0,0.29347704820517123
2868,0,0.0,0.6432210760927715
2869,0,1.0,0.6396646184399799
2870,0,0.0,0.6442264025920132
2871,0,0.0,0.6895641880350153
2872,0,0.0,0.677546385692525
2873,0,0.0,0.6322190825981925
2874,0,0.0,0.6686817620679089
2875,0,0.0,0.6130507291252536
2876,0,0.0,0.6004507658993631
2877,0,0.0,0.6168105208840192
2878,0,0.0,0.5886094371879053
2879,0,0.0,0.6120464199981509
2880,0,0.0,0.6271784571357147
2881,0,0.0,0.6002106460005548
2882,0,0.0,0.5641551833371852
2883,0,0.0,0.5783859975259794
2884,0,0.0,0.5964907950824865
2885,0,0.0,0.5979450460211919
2886,0,0.0,0.5756962012968458
2887,0,0.0,0.5654632827218676
2888,0,0.0,0.6101111725981189
2889,0,0.0,0.6019002374472013
2890,0,0.0,0.620765942575783
2891,0,0.0,0.5855937779731888
2892,0,0.0,0.6104212185395761
2893,0,0.0,0.6241740557746682
2894,0,0.0,0.6326066770816626
2895,0,0.0,0.638763985768328
2896,0,0.0,0.5917732539899925
2897,0,0.0,0.5982067741463257
2898,0,0.0,0.5427163225087377
2899,0,0.0,0.6088893940177276
2900,0,0.0,0.6478381971985679
2901,0,0.0,0.517059518614944
2902,0,0.0,0.5545729669316648
2903,0,0.0,0.5756756288568184
2904,0,0.0,0.5416619503435826
2905,0,0.0,0.5765658190006389
2906,0,0.0,0.5502415983786441
2907,0,0.0,0.5671946016083705
2908,0,0.0,0.5677927735182442
2909,0,0.0,0.5703412545613371
2910,0,0.0,0.570244587922025
2911,0,0.0,0.5659357084950843
2912,0,0.0,0.49980289578831216
2913,0,0.0,0.5068001756168431
2914,0,0.0,0.510163843332434
2915,0,0.0,0.5644864224444321
2916,0,0.0,0.6445668722588969
2917,0,0.0,0.5534722574289497
2918,0,0.0,0.527642072418298
2919,0,0.0,0.5445423436918969
2920,0,0.0,0.5781321284859923
2921,0,0.0,0.5107595403239829
2922,0,0.0,0.5018258404581861
2923,0,0.0,0.510163843332434
2924,0,0.0,0.5134078066247505
2925,0,0.0,0.5234018553112572
2926,0,0.0,0.5755660830517568
2927,0,0.0,0.5353341685152736
2928,0,0.0,0.556808870690761
2929,0,0.0,0.5523674147646261
2930,0,0.0,0.5095083547807816
2931,0,0.0,0.5532966658873831
2932,0,0.0,0.4900921706978464
2933,0,0.0,0.5537315685426948
2934,0,0.0,0.4527113392535604
2935,0,0.0,0.1980448868838619
2936,0,0.0,0.40208619391937916
2937,0,0.0,0.48615946998167536
2938,0,1.0,0.5337059546291294
2939,0,0.0,0.5764240725836763
2940,0,0.0,0.5113652758739182
2941,0,0.0,0.5100994258540799
2942,0,0.0,0.529364565923009
2943,0,0.0,0.5345501426580793
2944,0,0.0,0.5749100372389225
2945,0,0.0,0.5657333842301974
2946,0,0.0,0.5663405102810892
2947,0,0.0,0.5431615993146794
2948,0,0.0,0.5661012818378662
2949,0,0.0,0.5895913324980006
2950,0,0.0,0.5836989204921421
2951,0,0.0,0.48148062354268767
2952,0,0.0,0.5195352000108959
2953,0,0.0,0.5675208539585498
2954,0,0.0,0.5537118752538038
2955,0,0.0,0.5505237149697989
2956,0,0.0,0.5722018580749841
2957,0,0.0,0.5308387486966586
2958,0,0.0,0.520376843576356
2959,0,0.0,0.5119937313548772
2960,0,0.0,0.5557370622543756
2961,0,0.0,0.565435836967982
2962,0,0.0,0.5886914065970266
2963,0,0.0,0.5871063499431605
2964,0,0.0,0.48858647225126717
2965,0,0.0,0.4845687420703224
2966,0,0.0,0.5878899761384833
2967,0,0.0,0.5205923568486324
2968,0,0.0,0.5644864224444321
2969,0,0.0,0.531747242499653
2970,0,0.0,0.5782742622156952
2971,0,0.0,0.5560048450513215
2972,0,0.0,0.5408516332651904
2973,0,0.0,0.531885238254929
2974,0,0.0,0.5107216303262396
2975,0,0.0,0.5208402979698844
2976,0,0.0,0.4898691129329682
2977,0,0.0,0.6169812842056788
2978,0,0.0,0.5566223870921931
2979,0,0.0,0.49145829902575927
2980,0,0.0,0.5487159218540575
2981,0,0.0,0.5068940578023315
2982,0,0.0,0.5510784498008815
2983,0,0.0,0.512135500228143
2984,0,0.0,0.49983743592359353
2985,0,0.0,0.5223407156333402
2986,0,0.0,0.5231747162771127
2987,0,0.0,0.45722533470012194
2988,0,0.0,0.4762487426537906
2989,0,0.0,0.4987122218577463
2990,0,0.0,0.5869266431705593
2991,0,0.0,0.5303264762376783
2992,0,0.0,0.48797968871281416
2993,0,0.0,0.5317526569973157
2994,0,0.0,0.49835596537885996
2995,0,0.0,0.5754827166299655
2996,0,0.0,0.5412788195513194
2997,0,0.0,0.2682690593763437
2998,0,0.0,0.23911405982127312
2999,0,0.0,0.5219334209842842
3000,0,1.0,0.5950353011673706
3001,0,0.0,0.6393197740425447
3002,0,0.0,0.5755660830517568
3003,0,0.0,0.530824453863076
3004,0,0.0,0.5768483411425391
3005,0,0.0,0.5871859398133162
3006,0,0.0,0.5535535260780453
3007,0,0.0,0.5520973770412504
3008,0,0.0,0.614622613782211
3009,1,0.0,0.7654831979845682
3010,0,0.0,0.8678741271248872
3011,0,0.0,0.9247634126998906
3012,0,1.0,0.7374098343608213
3013,0,0.0,0.5043995358927414
3014,0,0.0,0.22348405219942788
3015,0,0.0,0.5661947936468962
3016,0,0.0,0.6311306819150303
3017,0,0.0,0.5822959397870641
3018,0,0.0,0.5742856409281816
3019,0,0.0,0.6068112417006778
3020,0,0.0,0.6759639070426336
3021,0,0.0,0.6370122093265571
3022,0,0.0,0.6609540852882476
3023,0,0.0,0.6203854857668638
3024,0,0.0,0.5887611475574877
3025,0,0.0,0.5505884867234445
3026,0,0.0,0.5728579038878182
3027,0,0.0,0.5833997331838618
3028,0,0.0,0.5809246838643098
3029,0,0.0,0.5854802890025063
3030,0,0.0,0.5834979443943548
3031,0,0.0,0.5742856409281816
3032,0,0.0,0.5761387624427996
3033,0,0.0,0.5452000512954068
3034,0,0.0,0.5651329748616799
3035,0,0.0,0.5787322629354962
3036,0,0.0,0.5667520243595555
3037,0,0.0,0.4811696762426734
3038,0,0.0,0.6171258959806825
3039,0,0.0,0.566546976578238
3040,0,0.0,0.5006669678704365
3041,0,0.0,0.5427605210396966
3042,0,0.0,0.5538693452784261
3043,0,0.0,0.5659607976476243
3044,0,0.0,0.49983743592359353
3045,0,0.0,0.5013118304100322
3046,0,0.0,0.5849137685286158
3047,0,0.0,0.5101102993162672
3048,0,0.0,0.5339866338804145
3049,0,0.0,0.5548187688842653
3050,0,0.0,0.5505884867234445
3051,0,0.0,0.4917079670660992
3052,0,0.0,0.5542383930815765
3053,0,0.0,0.5030925589666734
3054,0,0.0,0.5308716164619849
3055,0,0.0,0.576339738540587
3056,0,0.0,0.46529773485974346
3057,0,0.0,0.5752778515175163
3058,0,0.0,0.508821585514269
3059,0,0.0,0.4909421704144926
3060,0,0.0,0.6012872089736794
3061,0,0.0,0.5437279959392526
3062,0,0.0,0.4837783569740878
3063,0,0.0,0.5130647513509
3064,0,0.0,0.5115297646782074
3065,0,0.0,0.5344761789833541
3066,0,0.0,0.508821585514269
3067,0,0.0,0.4995702867727621
3068,0,0.0,0.1270619141809453
3069,0,0.0,0.46698284769153464
3070,0,0.0,0.6049423694232644
3071,0,1.0,0.5634682339219748
3072,0,0.0,0.6208856295785451
3073,0,0.0,0.6108827396404071
3074,0,0.0,0.657259327697615
3075,0,0.0,0.5644114768053423
3076,0,0.0,0.6038652455069063
3077,0,0.0,0.597845638541255
3078,0,0.0,0.6011294289788358
3079,0,0.0,0.5648810593708257
3080,0,0.0,0.5755660830517568
3081,0,0.0,0.6931570359855109
3082,0,0.0,0.5409726481538564
3083,0,0.0,0.6639005241050663
3084,0,0.0,0.5933199351151325
3085,0,0.0,0.6306229856048285
3086,0,0.0,0.5835279529344607
3087,0,0.0,0.6793738560761493
3088,0,0.0,0.6194548026052823
3089,0,0.0,0.705461602426698
3090,0,0.0,0.6628828304129378
3091,0,0.0,0.5839274395312405
3092,0,0.0,0.6061710837236053
3093,0,0.0,0.5638739638045227
3094,0,0.0,0.5754539511542834
3095,0,0.0,0.540123494167418
3096,0,0.0,0.5517681986805917
3097,0,0.0,0.5313757366951873
3098,0,0.0,0.5931886697379763
3099,0,0.0,0.5722934663648168
3100,0,0.0,0.5862477782628992
3101,0,0.0,0.5287150038257673
3102,0,0.0,0.6145837509784206
3103,0,0.0,0.5960552349705655
3104,0,0.0,0.5718233372443212
3105,0,0.0,0.531873168225912
3106,0,0.0,0.03243523127532644
3107,0,0.0,0.33828561894924764
3108,0,1.0,0.49643716754383715
3109,0,0.0,0.5635517632803974
3110,0,0.0,0.5112603700211977
3111,0,0.0,0.5190747095835703
3112,0,0.0,0.6214929856497197
3113,0,0.0,0.5459439178259685
3114,0,0.0,0.5959855547131643
3115,0,0.0,0.4854184311981086
3116,0,0.0,0.5351071351777937
3117,0,0.0,0.5282019159319432
3118,0,0.0,0.5718404870192527
3119,0,0.0,0.5537980836875886
3120,0,0.0,0.5410633267633801
3121,0,0.0,0.5424889402488688
3122,0,0.0,0.5128351088667787
3123,0,0.0,0.5211039806981989
3124,0,0.0,0.5764832641454967
3125,0,0.0,0.5503286069012793
3126,0,0.0,0.5757911456745489
3127,0,0.0,0.6105294456464485
3128,0,0.0,0.6011052548365817
3129,0,0.0,0.598375225151525
3130,0,0.0,0.5393945650140851
3131,0,0.0,0.48982313930446775
3132,0,0.0,0.5773412536774162
3133,0,0.0,0.5192428571592576
3134,0,0.0,0.4680168557260755
3135,0,0.0,0.5018753259189691
3136,0,0.0,0.45850613132974144
3137,0,0.0,0.5240989180771789
3138,0,0.0,0.4343355142232539
3139,0,0.0,0.42085828923058277
3140,0,0.0,0.47792285084101294
3141,0,0.0,0.55343126853533
3142,0,0.0,0.5769967519747193
3143,0,0.0,0.573909521392815
3144,0,0.0,0.5527800977319635
3145,0,0.0,0.5104793787492806
3146,0,0.0,0.47540674798613836
3147,0,0.0,0.5000677016256219
3148,0,0.0,0.5355340868317879
3149,0,0.0,0.4763136349505823
3150,0,0.0,0.540720588767503
3151,0,0.0,0.5216688041812116
3152,0,0.0,0.5307042292581696
3153,0,0.0,0.5956286306915569
3154,0,0.0,0.6072666619948277
3155,0,0.0,0.5650184061983362
3156,0,0.0,0.667096863227042
3157,0,0.0,0.661545797559668
3158,0,0.0,0.594591615667639
3159,0,0.0,0.7062591898389946
3160,0,0.0,0.6712873344270907
3161,0,0.0,0.6829807020519489
3162,0,0.0,0.7201677019752374
3163,1,0.0,0.7264614905405316
3164,0,0.0,0.7108483538956729
3165,0,0.0,0.7779121469872331
3166,0,0.0,0.747286880034369
3167,0,0.0,0.698862816836826
3168,0,0.0,0.6663805913557854
3169,0,0.0,0.6627896717712948
3170,0,0.0,0.6865492036434167
3171,0,0.0,0.6064319098633247
3172,0,0.0,0.5856537302619492
3173,0,0.0,0.598599835954707
3174,0,0.0,0.544615111949781
3175,0,0.0,0.5216112302099184
3176,0,0.0,0.5109059445818234
3177,0,0.0,0.5200170710543892
3178,0,0.0,0.46774642598109023
3179,0,0.0,0.5090470211699554
3180,0,0.0,0.46710693009358983
3181,0,0.0,0.45207180807333797
3182,0,0.0,0.44567700828193735
3183,0,0.0,0.42442951910831656
3184,0,0.0,0.38025139907346067
3185,0,0.0,0.4569277394192131
3186,0,0.0,0.4340139856189338
3187,0,0.0,0.5285948394900079
3188,0,0.0,0.6374023489372429
3189,0,0.0,0.5856030357541658
3190,0,1.0,0.5852493050265184
3191,0,0.0,0.5746751025608211
3192,0,0.0,0.5301118647387123
3193,0,0.0,0.5981345107987637
3194,0,0.0,0.6594806122585483
3195,0,0.0,0.6091167614392242
3196,0,0.0,0.6838101856911738
3197,0,0.0,0.6720925360309825
